{"_version":"1.5.0","_beatsPerMinute":122,"_beatsPerBar":16,"_noteJumpSpeed":10,"_shuffle":0,"_shufflePeriod":0.5,"_events":[{"_time":29.75,"_type":0,"_value":2},{"_time":30.875,"_type":0,"_value":2},{"_time":31.875,"_type":0,"_value":2},{"_time":33.875,"_type":0,"_value":2},{"_time":34.875,"_type":0,"_value":2},{"_time":35,"_type":0,"_value":2},{"_time":35.875,"_type":0,"_value":2},{"_time":36,"_type":0,"_value":2},{"_time":37.625,"_type":0,"_value":2},{"_time":38.75,"_type":0,"_value":2},{"_time":39.75,"_type":0,"_value":2},{"_time":41.75,"_type":0,"_value":2},{"_time":42.625,"_type":0,"_value":2},{"_time":43.75,"_type":0,"_value":2},{"_time":44,"_type":1,"_value":2},{"_time":44.25,"_type":3,"_value":2},{"_time":44.25,"_type":2,"_value":2},{"_time":44.5,"_type":8,"_value":0},{"_time":44.5,"_type":4,"_value":2},{"_time":46,"_type":8,"_value":0},{"_time":47,"_type":8,"_value":0},{"_time":47.5,"_type":8,"_value":0},{"_time":48,"_type":8,"_value":0},{"_time":48.5,"_type":8,"_value":0},{"_time":49,"_type":8,"_value":0},{"_time":80.75,"_type":9,"_value":0},{"_time":132,"_type":1,"_value":0},{"_time":201,"_type":0,"_value":0},{"_time":412.75,"_type":0,"_value":0}],"_notes":[{"_time":44.375,"_lineIndex":0,"_lineLayer":0,"_type":0,"_cutDirection":0},{"_time":44.625,"_lineIndex":1,"_lineLayer":0,"_type":0,"_cutDirection":1},{"_time":45,"_lineIndex":2,"_lineLayer":0,"_type":1,"_cutDirection":0},{"_time":46,"_lineIndex":0,"_lineLayer":0,"_type":0,"_cutDirection":2},{"_time":47,"_lineIndex":3,"_lineLayer":0,"_type":1,"_cutDirection":3},{"_time":47.5,"_lineIndex":1,"_lineLayer":0,"_type":0,"_cutDirection":0},{"_time":48,"_lineIndex":2,"_lineLayer":0,"_type":1,"_cutDirection":0},{"_time":48.5,"_lineIndex":0,"_lineLayer":0,"_type":0,"_cutDirection":0},{"_time":49,"_lineIndex":0,"_lineLayer":0,"_type":0,"_cutDirection":1},{"_time":49.5,"_lineIndex":1,"_lineLayer":0,"_type":0,"_cutDirection":0},{"_time":50,"_lineIndex":2,"_lineLayer":0,"_type":1,"_cutDirection":0},{"_time":50.5,"_lineIndex":0,"_lineLayer":0,"_type":0,"_cutDirection":2},{"_time":51,"_lineIndex":3,"_lineLayer":0,"_type":1,"_cutDirection":3},{"_time":51.5,"_lineIndex":1,"_lineLayer":0,"_type":0,"_cutDirection":0},{"_time":52,"_lineIndex":2,"_lineLayer":0,"_type":1,"_cutDirection":0},{"_time":52.5,"_lineIndex":0,"_lineLayer":0,"_type":0,"_cutDirection":0},{"_time":53,"_lineIndex":0,"_lineLayer":0,"_type":0,"_cutDirection":1},{"_time":53.5,"_lineIndex":1,"_lineLayer":0,"_type":0,"_cutDirection":0},{"_time":54,"_lineIndex":2,"_lineLayer":0,"_type":1,"_cutDirection":0},{"_time":54.5,"_lineIndex":0,"_lineLayer":0,"_type":0,"_cutDirection":2},{"_time":55,"_lineIndex":3,"_lineLayer":0,"_type":1,"_cutDirection":3},{"_time":55.5,"_lineIndex":1,"_lineLayer":0,"_type":0,"_cutDirection":0},{"_time":56,"_lineIndex":2,"_lineLayer":0,"_type":1,"_cutDirection":0},{"_time":56.5,"_lineIndex":0,"_lineLayer":0,"_type":0,"_cutDirection":0},{"_time":57,"_lineIndex":0,"_lineLayer":0,"_type":0,"_cutDirection":1},{"_time":57.5,"_lineIndex":1,"_lineLayer":0,"_type":0,"_cutDirection":0},{"_time":58,"_lineIndex":2,"_lineLayer":0,"_type":1,"_cutDirection":0},{"_time":58.5,"_lineIndex":0,"_lineLayer":0,"_type":0,"_cutDirection":2},{"_time":59,"_lineIndex":3,"_lineLayer":0,"_type":1,"_cutDirection":3},{"_time":59.5,"_lineIndex":1,"_lineLayer":0,"_type":0,"_cutDirection":0},{"_time":60,"_lineIndex":2,"_lineLayer":0,"_type":1,"_cutDirection":0},{"_time":60.5,"_lineIndex":0,"_lineLayer":0,"_type":0,"_cutDirection":0},{"_time":61,"_lineIndex":0,"_lineLayer":0,"_type":0,"_cutDirection":1},{"_time":61.5,"_lineIndex":1,"_lineLayer":0,"_type":0,"_cutDirection":0},{"_time":62,"_lineIndex":2,"_lineLayer":0,"_type":1,"_cutDirection":0},{"_time":62.5,"_lineIndex":0,"_lineLayer":0,"_type":0,"_cutDirection":2},{"_time":63,"_lineIndex":3,"_lineLayer":0,"_type":1,"_cutDirection":3},{"_time":63.5,"_lineIndex":1,"_lineLayer":0,"_type":0,"_cutDirection":0},{"_time":64,"_lineIndex":2,"_lineLayer":0,"_type":1,"_cutDirection":0},{"_time":64.5,"_lineIndex":0,"_lineLayer":0,"_type":0,"_cutDirection":0},{"_time":65,"_lineIndex":0,"_lineLayer":0,"_type":0,"_cutDirection":1},{"_time":65.5,"_lineIndex":1,"_lineLayer":0,"_type":0,"_cutDirection":0},{"_time":66,"_lineIndex":2,"_lineLayer":0,"_type":1,"_cutDirection":0},{"_time":66.5,"_lineIndex":0,"_lineLayer":0,"_type":0,"_cutDirection":2},{"_time":67,"_lineIndex":3,"_lineLayer":0,"_type":1,"_cutDirection":3},{"_time":67.5,"_lineIndex":1,"_lineLayer":0,"_type":0,"_cutDirection":0},{"_time":68,"_lineIndex":2,"_lineLayer":0,"_type":1,"_cutDirection":0},{"_time":68.5,"_lineIndex":0,"_lineLayer":0,"_type":0,"_cutDirection":0},{"_time":69,"_lineIndex":0,"_lineLayer":0,"_type":0,"_cutDirection":1},{"_time":69.5,"_lineIndex":1,"_lineLayer":0,"_type":0,"_cutDirection":0},{"_time":70,"_lineIndex":2,"_lineLayer":0,"_type":1,"_cutDirection":0},{"_time":70.5,"_lineIndex":0,"_lineLayer":0,"_type":0,"_cutDirection":2},{"_time":71,"_lineIndex":3,"_lineLayer":0,"_type":1,"_cutDirection":3},{"_time":71.5,"_lineIndex":1,"_lineLayer":0,"_type":0,"_cutDirection":0},{"_time":72,"_lineIndex":2,"_lineLayer":0,"_type":1,"_cutDirection":0},{"_time":72.5,"_lineIndex":0,"_lineLayer":0,"_type":0,"_cutDirection":0},{"_time":73,"_lineIndex":0,"_lineLayer":0,"_type":0,"_cutDirection":1},{"_time":73.5,"_lineIndex":1,"_lineLayer":0,"_type":0,"_cutDirection":0},{"_time":74,"_lineIndex":2,"_lineLayer":0,"_type":1,"_cutDirection":0},{"_time":74.5,"_lineIndex":0,"_lineLayer":0,"_type":0,"_cutDirection":2},{"_time":75,"_lineIndex":3,"_lineLayer":0,"_type":1,"_cutDirection":3},{"_time":75.5,"_lineIndex":1,"_lineLayer":0,"_type":0,"_cutDirection":0},{"_time":76,"_lineIndex":2,"_lineLayer":0,"_type":1,"_cutDirection":0},{"_time":76.5,"_lineIndex":0,"_lineLayer":0,"_type":0,"_cutDirection":0},{"_time":77,"_lineIndex":0,"_lineLayer":0,"_type":0,"_cutDirection":1},{"_time":77.5,"_lineIndex":1,"_lineLayer":0,"_type":0,"_cutDirection":0},{"_time":78,"_lineIndex":2,"_lineLayer":0,"_type":1,"_cutDirection":0},{"_time":78.5,"_lineIndex":0,"_lineLayer":0,"_type":0,"_cutDirection":2},{"_time":79,"_lineIndex":3,"_lineLayer":0,"_type":1,"_cutDirection":3},{"_time":79.5,"_lineIndex":1,"_lineLayer":0,"_type":0,"_cutDirection":0},{"_time":80,"_lineIndex":2,"_lineLayer":0,"_type":1,"_cutDirection":0},{"_time":80.5,"_lineIndex":0,"_lineLayer":0,"_type":0,"_cutDirection":0},{"_time":81,"_lineIndex":0,"_lineLayer":0,"_type":0,"_cutDirection":1},{"_time":81.5,"_lineIndex":1,"_lineLayer":0,"_type":0,"_cutDirection":0},{"_time":82,"_lineIndex":2,"_lineLayer":0,"_type":1,"_cutDirection":0},{"_time":82.5,"_lineIndex":0,"_lineLayer":0,"_type":0,"_cutDirection":2},{"_time":83,"_lineIndex":3,"_lineLayer":0,"_type":1,"_cutDirection":3},{"_time":83.5,"_lineIndex":1,"_lineLayer":0,"_type":0,"_cutDirection":0},{"_time":84,"_lineIndex":2,"_lineLayer":0,"_type":1,"_cutDirection":0},{"_time":84.5,"_lineIndex":0,"_lineLayer":0,"_type":0,"_cutDirection":0},{"_time":85,"_lineIndex":0,"_lineLayer":0,"_type":0,"_cutDirection":1},{"_time":85.5,"_lineIndex":1,"_lineLayer":0,"_type":0,"_cutDirection":0},{"_time":86,"_lineIndex":2,"_lineLayer":0,"_type":1,"_cutDirection":0},{"_time":86.5,"_lineIndex":0,"_lineLayer":0,"_type":0,"_cutDirection":2},{"_time":87,"_lineIndex":3,"_lineLayer":0,"_type":1,"_cutDirection":3},{"_time":87.5,"_lineIndex":1,"_lineLayer":0,"_type":0,"_cutDirection":0},{"_time":88,"_lineIndex":2,"_lineLayer":0,"_type":1,"_cutDirection":0},{"_time":88.5,"_lineIndex":0,"_lineLayer":0,"_type":0,"_cutDirection":0},{"_time":89,"_lineIndex":0,"_lineLayer":0,"_type":0,"_cutDirection":1},{"_time":89.5,"_lineIndex":1,"_lineLayer":0,"_type":0,"_cutDirection":0},{"_time":90,"_lineIndex":2,"_lineLayer":0,"_type":1,"_cutDirection":0},{"_time":90.5,"_lineIndex":0,"_lineLayer":0,"_type":0,"_cutDirection":2},{"_time":91,"_lineIndex":3,"_lineLayer":0,"_type":1,"_cutDirection":3},{"_time":91.5,"_lineIndex":1,"_lineLayer":0,"_type":0,"_cutDirection":0},{"_time":92,"_lineIndex":2,"_lineLayer":0,"_type":1,"_cutDirection":0},{"_time":92.5,"_lineIndex":0,"_lineLayer":0,"_type":0,"_cutDirection":0},{"_time":93,"_lineIndex":0,"_lineLayer":0,"_type":0,"_cutDirection":1},{"_time":93.5,"_lineIndex":1,"_lineLayer":0,"_type":0,"_cutDirection":0},{"_time":94,"_lineIndex":2,"_lineLayer":0,"_type":1,"_cutDirection":0},{"_time":94.5,"_lineIndex":0,"_lineLayer":0,"_type":0,"_cutDirection":2},{"_time":95,"_lineIndex":3,"_lineLayer":0,"_type":1,"_cutDirection":3},{"_time":95.5,"_lineIndex":1,"_lineLayer":0,"_type":0,"_cutDirection":0},{"_time":96,"_lineIndex":2,"_lineLayer":0,"_type":1,"_cutDirection":0},{"_time":96.5,"_lineIndex":0,"_lineLayer":0,"_type":0,"_cutDirection":0},{"_time":97,"_lineIndex":0,"_lineLayer":0,"_type":0,"_cutDirection":1},{"_time":97.5,"_lineIndex":1,"_lineLayer":0,"_type":0,"_cutDirection":0},{"_time":98,"_lineIndex":2,"_lineLayer":0,"_type":1,"_cutDirection":0},{"_time":98.5,"_lineIndex":0,"_lineLayer":0,"_type":0,"_cutDirection":2},{"_time":99,"_lineIndex":3,"_lineLayer":0,"_type":1,"_cutDirection":3},{"_time":99.5,"_lineIndex":1,"_lineLayer":0,"_type":0,"_cutDirection":0},{"_time":100,"_lineIndex":2,"_lineLayer":0,"_type":1,"_cutDirection":0},{"_time":100.5,"_lineIndex":0,"_lineLayer":0,"_type":0,"_cutDirection":0},{"_time":101,"_lineIndex":0,"_lineLayer":0,"_type":0,"_cutDirection":1},{"_time":101.5,"_lineIndex":1,"_lineLayer":0,"_type":0,"_cutDirection":0},{"_time":102,"_lineIndex":2,"_lineLayer":0,"_type":1,"_cutDirection":0},{"_time":102.5,"_lineIndex":0,"_lineLayer":0,"_type":0,"_cutDirection":2},{"_time":103,"_lineIndex":3,"_lineLayer":0,"_type":1,"_cutDirection":3},{"_time":103.5,"_lineIndex":1,"_lineLayer":0,"_type":0,"_cutDirection":0},{"_time":104,"_lineIndex":2,"_lineLayer":0,"_type":1,"_cutDirection":0},{"_time":104.5,"_lineIndex":0,"_lineLayer":0,"_type":0,"_cutDirection":0},{"_time":105,"_lineIndex":0,"_lineLayer":0,"_type":0,"_cutDirection":1},{"_time":105.5,"_lineIndex":1,"_lineLayer":0,"_type":0,"_cutDirection":0},{"_time":106,"_lineIndex":2,"_lineLayer":0,"_type":1,"_cutDirection":0},{"_time":106.5,"_lineIndex":0,"_lineLayer":0,"_type":0,"_cutDirection":2},{"_time":107,"_lineIndex":3,"_lineLayer":0,"_type":1,"_cutDirection":3},{"_time":107.5,"_lineIndex":1,"_lineLayer":0,"_type":0,"_cutDirection":0},{"_time":108,"_lineIndex":2,"_lineLayer":0,"_type":1,"_cutDirection":0},{"_time":109.5,"_lineIndex":0,"_lineLayer":0,"_type":0,"_cutDirection":1},{"_time":109.5,"_lineIndex":1,"_lineLayer":0,"_type":1,"_cutDirection":1},{"_time":109.5,"_lineIndex":0,"_lineLayer":1,"_type":0,"_cutDirection":1},{"_time":109.5,"_lineIndex":1,"_lineLayer":1,"_type":1,"_cutDirection":1},{"_time":113.5,"_lineIndex":3,"_lineLayer":1,"_type":0,"_cutDirection":3},{"_time":113.5,"_lineIndex":1,"_lineLayer":0,"_type":1,"_cutDirection":3},{"_time":113.5,"_lineIndex":2,"_lineLayer":0,"_type":1,"_cutDirection":3},{"_time":113.5,"_lineIndex":3,"_lineLayer":0,"_type":1,"_cutDirection":3},{"_time":113.5,"_lineIndex":1,"_lineLayer":1,"_type":0,"_cutDirection":3},{"_time":113.5,"_lineIndex":2,"_lineLayer":1,"_type":0,"_cutDirection":3},{"_time":118,"_lineIndex":0,"_lineLayer":0,"_type":0,"_cutDirection":2},{"_time":118.5,"_lineIndex":3,"_lineLayer":0,"_type":1,"_cutDirection":3},{"_time":119,"_lineIndex":1,"_lineLayer":0,"_type":0,"_cutDirection":0},{"_time":119.5,"_lineIndex":2,"_lineLayer":0,"_type":1,"_cutDirection":0},{"_time":120,"_lineIndex":0,"_lineLayer":0,"_type":0,"_cutDirection":0},{"_time":120.5,"_lineIndex":0,"_lineLayer":0,"_type":0,"_cutDirection":1},{"_time":121,"_lineIndex":1,"_lineLayer":0,"_type":0,"_cutDirection":0},{"_time":121.5,"_lineIndex":2,"_lineLayer":0,"_type":1,"_cutDirection":0},{"_time":122,"_lineIndex":0,"_lineLayer":0,"_type":0,"_cutDirection":2},{"_time":122.5,"_lineIndex":3,"_lineLayer":0,"_type":1,"_cutDirection":3},{"_time":123,"_lineIndex":1,"_lineLayer":0,"_type":0,"_cutDirection":0},{"_time":123.5,"_lineIndex":2,"_lineLayer":0,"_type":1,"_cutDirection":0},{"_time":124,"_lineIndex":0,"_lineLayer":0,"_type":0,"_cutDirection":0},{"_time":124.5,"_lineIndex":0,"_lineLayer":0,"_type":0,"_cutDirection":1},{"_time":125,"_lineIndex":1,"_lineLayer":0,"_type":0,"_cutDirection":0},{"_time":125.5,"_lineIndex":2,"_lineLayer":0,"_type":1,"_cutDirection":0},{"_time":126,"_lineIndex":0,"_lineLayer":0,"_type":0,"_cutDirection":2},{"_time":126.5,"_lineIndex":3,"_lineLayer":0,"_type":1,"_cutDirection":3},{"_time":141.75,"_lineIndex":0,"_lineLayer":1,"_type":0,"_cutDirection":1},{"_time":141.75,"_lineIndex":1,"_lineLayer":1,"_type":1,"_cutDirection":1},{"_time":141.75,"_lineIndex":1,"_lineLayer":0,"_type":1,"_cutDirection":1},{"_time":141.75,"_lineIndex":0,"_lineLayer":0,"_type":0,"_cutDirection":1},{"_time":146,"_lineIndex":3,"_lineLayer":0,"_type":1,"_cutDirection":3},{"_time":146,"_lineIndex":2,"_lineLayer":1,"_type":0,"_cutDirection":3},{"_time":146,"_lineIndex":3,"_lineLayer":1,"_type":0,"_cutDirection":3},{"_time":146,"_lineIndex":1,"_lineLayer":1,"_type":0,"_cutDirection":3},{"_time":146,"_lineIndex":1,"_lineLayer":0,"_type":1,"_cutDirection":3},{"_time":146,"_lineIndex":2,"_lineLayer":0,"_type":1,"_cutDirection":3},{"_time":149.5,"_lineIndex":0,"_lineLayer":0,"_type":0,"_cutDirection":2},{"_time":150,"_lineIndex":3,"_lineLayer":0,"_type":1,"_cutDirection":3},{"_time":150.5,"_lineIndex":1,"_lineLayer":0,"_type":0,"_cutDirection":0},{"_time":151,"_lineIndex":2,"_lineLayer":0,"_type":1,"_cutDirection":0},{"_time":151.5,"_lineIndex":0,"_lineLayer":0,"_type":0,"_cutDirection":0},{"_time":152,"_lineIndex":0,"_lineLayer":0,"_type":0,"_cutDirection":1},{"_time":152.5,"_lineIndex":1,"_lineLayer":0,"_type":0,"_cutDirection":0},{"_time":153,"_lineIndex":2,"_lineLayer":0,"_type":1,"_cutDirection":0},{"_time":153.5,"_lineIndex":0,"_lineLayer":0,"_type":0,"_cutDirection":2},{"_time":154,"_lineIndex":3,"_lineLayer":0,"_type":1,"_cutDirection":3},{"_time":154.5,"_lineIndex":1,"_lineLayer":0,"_type":0,"_cutDirection":0},{"_time":155,"_lineIndex":2,"_lineLayer":0,"_type":1,"_cutDirection":0},{"_time":155.5,"_lineIndex":0,"_lineLayer":0,"_type":0,"_cutDirection":0},{"_time":156,"_lineIndex":0,"_lineLayer":0,"_type":0,"_cutDirection":1},{"_time":157.625,"_lineIndex":3,"_lineLayer":1,"_type":1,"_cutDirection":1},{"_time":157.625,"_lineIndex":3,"_lineLayer":0,"_type":1,"_cutDirection":1},{"_time":158.75,"_lineIndex":0,"_lineLayer":0,"_type":1,"_cutDirection":2},{"_time":158.75,"_lineIndex":1,"_lineLayer":0,"_type":1,"_cutDirection":2},{"_time":158.75,"_lineIndex":0,"_lineLayer":1,"_type":0,"_cutDirection":2},{"_time":158.75,"_lineIndex":1,"_lineLayer":1,"_type":0,"_cutDirection":2},{"_time":159.25,"_lineIndex":1,"_lineLayer":0,"_type":1,"_cutDirection":3},{"_time":159.25,"_lineIndex":0,"_lineLayer":0,"_type":1,"_cutDirection":3},{"_time":159.25,"_lineIndex":0,"_lineLayer":1,"_type":0,"_cutDirection":3},{"_time":159.25,"_lineIndex":1,"_lineLayer":1,"_type":0,"_cutDirection":3},{"_time":160.75,"_lineIndex":3,"_lineLayer":0,"_type":1,"_cutDirection":7},{"_time":161.125,"_lineIndex":3,"_lineLayer":2,"_type":1,"_cutDirection":5},{"_time":161.75,"_lineIndex":1,"_lineLayer":0,"_type":0,"_cutDirection":1},{"_time":161.75,"_lineIndex":2,"_lineLayer":0,"_type":1,"_cutDirection":1},{"_time":162.75,"_lineIndex":2,"_lineLayer":0,"_type":1,"_cutDirection":0},{"_time":162.75,"_lineIndex":1,"_lineLayer":0,"_type":0,"_cutDirection":0},{"_time":163.75,"_lineIndex":3,"_lineLayer":0,"_type":1,"_cutDirection":3},{"_time":163.75,"_lineIndex":0,"_lineLayer":0,"_type":0,"_cutDirection":2},{"_time":164.75,"_lineIndex":0,"_lineLayer":0,"_type":0,"_cutDirection":6},{"_time":165.125,"_lineIndex":0,"_lineLayer":2,"_type":0,"_cutDirection":4},{"_time":165.75,"_lineIndex":2,"_lineLayer":0,"_type":1,"_cutDirection":1},{"_time":165.75,"_lineIndex":1,"_lineLayer":0,"_type":0,"_cutDirection":1},{"_time":166.75,"_lineIndex":0,"_lineLayer":2,"_type":0,"_cutDirection":4},{"_time":167.75,"_lineIndex":1,"_lineLayer":0,"_type":0,"_cutDirection":1},{"_time":167.75,"_lineIndex":2,"_lineLayer":0,"_type":1,"_cutDirection":1},{"_time":168.75,"_lineIndex":0,"_lineLayer":0,"_type":0,"_cutDirection":6},{"_time":169,"_lineIndex":3,"_lineLayer":2,"_type":1,"_cutDirection":5},{"_time":169.75,"_lineIndex":1,"_lineLayer":0,"_type":0,"_cutDirection":1},{"_time":169.75,"_lineIndex":2,"_lineLayer":0,"_type":1,"_cutDirection":1},{"_time":170.75,"_lineIndex":2,"_lineLayer":0,"_type":1,"_cutDirection":0},{"_time":170.75,"_lineIndex":1,"_lineLayer":0,"_type":0,"_cutDirection":0},{"_time":171.75,"_lineIndex":2,"_lineLayer":0,"_type":1,"_cutDirection":1},{"_time":171.75,"_lineIndex":1,"_lineLayer":0,"_type":0,"_cutDirection":1},{"_time":172.75,"_lineIndex":3,"_lineLayer":0,"_type":1,"_cutDirection":7},{"_time":173.125,"_lineIndex":3,"_lineLayer":2,"_type":1,"_cutDirection":5},{"_time":173.625,"_lineIndex":2,"_lineLayer":0,"_type":1,"_cutDirection":1},{"_time":173.625,"_lineIndex":1,"_lineLayer":0,"_type":0,"_cutDirection":1},{"_time":174.75,"_lineIndex":2,"_lineLayer":0,"_type":1,"_cutDirection":0},{"_time":174.75,"_lineIndex":1,"_lineLayer":0,"_type":0,"_cutDirection":0},{"_time":175.625,"_lineIndex":2,"_lineLayer":0,"_type":1,"_cutDirection":1},{"_time":175.625,"_lineIndex":1,"_lineLayer":0,"_type":0,"_cutDirection":1},{"_time":176.625,"_lineIndex":3,"_lineLayer":0,"_type":1,"_cutDirection":7},{"_time":177,"_lineIndex":0,"_lineLayer":2,"_type":0,"_cutDirection":4},{"_time":177.5,"_lineIndex":1,"_lineLayer":0,"_type":0,"_cutDirection":1},{"_time":177.5,"_lineIndex":2,"_lineLayer":0,"_type":1,"_cutDirection":1},{"_time":178.625,"_lineIndex":0,"_lineLayer":0,"_type":0,"_cutDirection":2},{"_time":178.625,"_lineIndex":3,"_lineLayer":0,"_type":1,"_cutDirection":3},{"_time":179.5,"_lineIndex":3,"_lineLayer":0,"_type":1,"_cutDirection":7},{"_time":179.5,"_lineIndex":0,"_lineLayer":0,"_type":0,"_cutDirection":6},{"_time":180.5,"_lineIndex":3,"_lineLayer":2,"_type":1,"_cutDirection":5},{"_time":180.5,"_lineIndex":0,"_lineLayer":2,"_type":0,"_cutDirection":4},{"_time":181.5,"_lineIndex":0,"_lineLayer":0,"_type":0,"_cutDirection":6},{"_time":181.5,"_lineIndex":1,"_lineLayer":1,"_type":0,"_cutDirection":6},{"_time":181.5,"_lineIndex":3,"_lineLayer":0,"_type":1,"_cutDirection":7},{"_time":181.5,"_lineIndex":2,"_lineLayer":1,"_type":1,"_cutDirection":7},{"_time":185,"_lineIndex":1,"_lineLayer":0,"_type":0,"_cutDirection":1},{"_time":185,"_lineIndex":2,"_lineLayer":0,"_type":1,"_cutDirection":1},{"_time":185.25,"_lineIndex":2,"_lineLayer":0,"_type":1,"_cutDirection":0},{"_time":185.25,"_lineIndex":1,"_lineLayer":0,"_type":0,"_cutDirection":0},{"_time":186.25,"_lineIndex":1,"_lineLayer":0,"_type":0,"_cutDirection":1},{"_time":186.25,"_lineIndex":2,"_lineLayer":0,"_type":1,"_cutDirection":1},{"_time":187,"_lineIndex":1,"_lineLayer":0,"_type":0,"_cutDirection":0},{"_time":187,"_lineIndex":2,"_lineLayer":0,"_type":1,"_cutDirection":0},{"_time":187.5,"_lineIndex":1,"_lineLayer":0,"_type":0,"_cutDirection":1},{"_time":187.5,"_lineIndex":2,"_lineLayer":0,"_type":1,"_cutDirection":1},{"_time":188.5,"_lineIndex":3,"_lineLayer":0,"_type":1,"_cutDirection":7},{"_time":189.5,"_lineIndex":0,"_lineLayer":1,"_type":0,"_cutDirection":1},{"_time":189.5,"_lineIndex":0,"_lineLayer":0,"_type":0,"_cutDirection":1},{"_time":190.5,"_lineIndex":0,"_lineLayer":2,"_type":0,"_cutDirection":4},{"_time":191,"_lineIndex":2,"_lineLayer":0,"_type":1,"_cutDirection":3},{"_time":191,"_lineIndex":3,"_lineLayer":0,"_type":1,"_cutDirection":3},{"_time":192.5,"_lineIndex":3,"_lineLayer":2,"_type":1,"_cutDirection":5},{"_time":193,"_lineIndex":1,"_lineLayer":0,"_type":1,"_cutDirection":1},{"_time":193,"_lineIndex":0,"_lineLayer":0,"_type":0,"_cutDirection":1},{"_time":193.5,"_lineIndex":1,"_lineLayer":0,"_type":1,"_cutDirection":0},{"_time":193.5,"_lineIndex":0,"_lineLayer":0,"_type":0,"_cutDirection":0},{"_time":196.5,"_lineIndex":3,"_lineLayer":0,"_type":1,"_cutDirection":3},{"_time":196.5,"_lineIndex":2,"_lineLayer":0,"_type":1,"_cutDirection":3},{"_time":197,"_lineIndex":0,"_lineLayer":2,"_type":0,"_cutDirection":4},{"_time":197.5,"_lineIndex":0,"_lineLayer":0,"_type":0,"_cutDirection":1},{"_time":197.5,"_lineIndex":2,"_lineLayer":0,"_type":1,"_cutDirection":1},{"_time":198.5,"_lineIndex":0,"_lineLayer":2,"_type":0,"_cutDirection":4},{"_time":199,"_lineIndex":3,"_lineLayer":0,"_type":1,"_cutDirection":1},{"_time":199,"_lineIndex":1,"_lineLayer":0,"_type":0,"_cutDirection":1},{"_time":200.5,"_lineIndex":3,"_lineLayer":0,"_type":1,"_cutDirection":7},{"_time":201,"_lineIndex":0,"_lineLayer":2,"_type":0,"_cutDirection":4},{"_time":201.375,"_lineIndex":3,"_lineLayer":0,"_type":1,"_cutDirection":1},{"_time":201.375,"_lineIndex":2,"_lineLayer":0,"_type":0,"_cutDirection":1},{"_time":204.375,"_lineIndex":3,"_lineLayer":0,"_type":1,"_cutDirection":7},{"_time":205.5,"_lineIndex":0,"_lineLayer":1,"_type":0,"_cutDirection":1},{"_time":205.5,"_lineIndex":0,"_lineLayer":0,"_type":0,"_cutDirection":1},{"_time":206.5,"_lineIndex":0,"_lineLayer":2,"_type":0,"_cutDirection":4},{"_time":207,"_lineIndex":3,"_lineLayer":0,"_type":1,"_cutDirection":3},{"_time":207,"_lineIndex":2,"_lineLayer":0,"_type":1,"_cutDirection":3},{"_time":208.5,"_lineIndex":3,"_lineLayer":2,"_type":1,"_cutDirection":5},{"_time":208.875,"_lineIndex":1,"_lineLayer":0,"_type":1,"_cutDirection":1},{"_time":208.875,"_lineIndex":0,"_lineLayer":0,"_type":0,"_cutDirection":1},{"_time":209.375,"_lineIndex":1,"_lineLayer":0,"_type":1,"_cutDirection":0},{"_time":209.375,"_lineIndex":0,"_lineLayer":0,"_type":0,"_cutDirection":0},{"_time":213.25,"_lineIndex":2,"_lineLayer":0,"_type":1,"_cutDirection":3},{"_time":213.25,"_lineIndex":3,"_lineLayer":0,"_type":1,"_cutDirection":3},{"_time":214.25,"_lineIndex":0,"_lineLayer":2,"_type":0,"_cutDirection":4},{"_time":214.75,"_lineIndex":2,"_lineLayer":0,"_type":1,"_cutDirection":1},{"_time":214.75,"_lineIndex":0,"_lineLayer":0,"_type":0,"_cutDirection":1},{"_time":216.25,"_lineIndex":3,"_lineLayer":0,"_type":1,"_cutDirection":7},{"_time":216.75,"_lineIndex":0,"_lineLayer":2,"_type":0,"_cutDirection":4},{"_time":217.25,"_lineIndex":2,"_lineLayer":0,"_type":0,"_cutDirection":1},{"_time":217.25,"_lineIndex":3,"_lineLayer":0,"_type":1,"_cutDirection":1},{"_time":221,"_lineIndex":0,"_lineLayer":0,"_type":0,"_cutDirection":2},{"_time":221.5,"_lineIndex":3,"_lineLayer":0,"_type":1,"_cutDirection":3},{"_time":222,"_lineIndex":1,"_lineLayer":0,"_type":0,"_cutDirection":0},{"_time":222.5,"_lineIndex":2,"_lineLayer":0,"_type":1,"_cutDirection":0},{"_time":223,"_lineIndex":0,"_lineLayer":0,"_type":0,"_cutDirection":0},{"_time":223.5,"_lineIndex":0,"_lineLayer":0,"_type":0,"_cutDirection":1},{"_time":224,"_lineIndex":1,"_lineLayer":0,"_type":0,"_cutDirection":0},{"_time":224.5,"_lineIndex":2,"_lineLayer":0,"_type":1,"_cutDirection":0},{"_time":225,"_lineIndex":0,"_lineLayer":0,"_type":0,"_cutDirection":2},{"_time":225.5,"_lineIndex":3,"_lineLayer":0,"_type":1,"_cutDirection":3},{"_time":226,"_lineIndex":1,"_lineLayer":0,"_type":0,"_cutDirection":0},{"_time":226.5,"_lineIndex":2,"_lineLayer":0,"_type":1,"_cutDirection":0},{"_time":227,"_lineIndex":0,"_lineLayer":0,"_type":0,"_cutDirection":0},{"_time":227.5,"_lineIndex":0,"_lineLayer":0,"_type":0,"_cutDirection":1},{"_time":228,"_lineIndex":1,"_lineLayer":0,"_type":0,"_cutDirection":0},{"_time":228.5,"_lineIndex":2,"_lineLayer":0,"_type":1,"_cutDirection":0},{"_time":229,"_lineIndex":0,"_lineLayer":0,"_type":0,"_cutDirection":2},{"_time":229.5,"_lineIndex":3,"_lineLayer":0,"_type":1,"_cutDirection":3},{"_time":230,"_lineIndex":1,"_lineLayer":0,"_type":0,"_cutDirection":0},{"_time":230.5,"_lineIndex":2,"_lineLayer":0,"_type":1,"_cutDirection":0},{"_time":231,"_lineIndex":0,"_lineLayer":0,"_type":0,"_cutDirection":0},{"_time":231.5,"_lineIndex":0,"_lineLayer":0,"_type":0,"_cutDirection":1},{"_time":232,"_lineIndex":1,"_lineLayer":0,"_type":0,"_cutDirection":0},{"_time":232.5,"_lineIndex":2,"_lineLayer":0,"_type":1,"_cutDirection":0},{"_time":233,"_lineIndex":0,"_lineLayer":0,"_type":0,"_cutDirection":2},{"_time":233.5,"_lineIndex":3,"_lineLayer":0,"_type":1,"_cutDirection":3},{"_time":234,"_lineIndex":1,"_lineLayer":0,"_type":0,"_cutDirection":0},{"_time":234.5,"_lineIndex":2,"_lineLayer":0,"_type":1,"_cutDirection":0},{"_time":235,"_lineIndex":0,"_lineLayer":0,"_type":0,"_cutDirection":0},{"_time":235.5,"_lineIndex":0,"_lineLayer":0,"_type":0,"_cutDirection":1},{"_time":236,"_lineIndex":1,"_lineLayer":0,"_type":0,"_cutDirection":0},{"_time":236.5,"_lineIndex":2,"_lineLayer":0,"_type":1,"_cutDirection":0},{"_time":237,"_lineIndex":0,"_lineLayer":0,"_type":0,"_cutDirection":2},{"_time":237.5,"_lineIndex":3,"_lineLayer":0,"_type":1,"_cutDirection":3},{"_time":238,"_lineIndex":1,"_lineLayer":0,"_type":0,"_cutDirection":0},{"_time":238.5,"_lineIndex":2,"_lineLayer":0,"_type":1,"_cutDirection":0},{"_time":239,"_lineIndex":0,"_lineLayer":0,"_type":0,"_cutDirection":0},{"_time":239.5,"_lineIndex":0,"_lineLayer":0,"_type":0,"_cutDirection":1},{"_time":240,"_lineIndex":1,"_lineLayer":0,"_type":0,"_cutDirection":0},{"_time":240.5,"_lineIndex":2,"_lineLayer":0,"_type":1,"_cutDirection":0},{"_time":241,"_lineIndex":0,"_lineLayer":0,"_type":0,"_cutDirection":2},{"_time":241.5,"_lineIndex":3,"_lineLayer":0,"_type":1,"_cutDirection":3},{"_time":242,"_lineIndex":1,"_lineLayer":0,"_type":0,"_cutDirection":0},{"_time":242.5,"_lineIndex":2,"_lineLayer":0,"_type":1,"_cutDirection":0},{"_time":243,"_lineIndex":0,"_lineLayer":0,"_type":0,"_cutDirection":0},{"_time":243.5,"_lineIndex":0,"_lineLayer":0,"_type":0,"_cutDirection":1},{"_time":244,"_lineIndex":1,"_lineLayer":0,"_type":0,"_cutDirection":0},{"_time":244.5,"_lineIndex":2,"_lineLayer":0,"_type":1,"_cutDirection":0},{"_time":245,"_lineIndex":0,"_lineLayer":0,"_type":0,"_cutDirection":2},{"_time":245.5,"_lineIndex":3,"_lineLayer":0,"_type":1,"_cutDirection":3},{"_time":246,"_lineIndex":1,"_lineLayer":0,"_type":0,"_cutDirection":0},{"_time":246.375,"_lineIndex":3,"_lineLayer":0,"_type":1,"_cutDirection":0},{"_time":246.5,"_lineIndex":3,"_lineLayer":0,"_type":1,"_cutDirection":1},{"_time":248.5,"_lineIndex":3,"_lineLayer":2,"_type":1,"_cutDirection":5},{"_time":254,"_lineIndex":0,"_lineLayer":2,"_type":0,"_cutDirection":4},{"_time":256.875,"_lineIndex":3,"_lineLayer":0,"_type":1,"_cutDirection":1},{"_time":257.125,"_lineIndex":3,"_lineLayer":0,"_type":1,"_cutDirection":0},{"_time":258.25,"_lineIndex":1,"_lineLayer":2,"_type":0,"_cutDirection":0},{"_time":260.75,"_lineIndex":0,"_lineLayer":0,"_type":0,"_cutDirection":2},{"_time":261.25,"_lineIndex":3,"_lineLayer":0,"_type":1,"_cutDirection":3},{"_time":261.75,"_lineIndex":1,"_lineLayer":0,"_type":0,"_cutDirection":0},{"_time":262.25,"_lineIndex":2,"_lineLayer":0,"_type":1,"_cutDirection":0},{"_time":262.75,"_lineIndex":0,"_lineLayer":0,"_type":0,"_cutDirection":0},{"_time":263.25,"_lineIndex":0,"_lineLayer":0,"_type":0,"_cutDirection":1},{"_time":263.75,"_lineIndex":1,"_lineLayer":0,"_type":0,"_cutDirection":0},{"_time":264.25,"_lineIndex":2,"_lineLayer":0,"_type":1,"_cutDirection":0},{"_time":264.75,"_lineIndex":0,"_lineLayer":0,"_type":0,"_cutDirection":2},{"_time":265.25,"_lineIndex":3,"_lineLayer":0,"_type":1,"_cutDirection":3},{"_time":265.75,"_lineIndex":1,"_lineLayer":0,"_type":0,"_cutDirection":0},{"_time":266.25,"_lineIndex":2,"_lineLayer":0,"_type":1,"_cutDirection":0},{"_time":266.75,"_lineIndex":0,"_lineLayer":0,"_type":0,"_cutDirection":0},{"_time":267.25,"_lineIndex":0,"_lineLayer":0,"_type":0,"_cutDirection":1},{"_time":267.75,"_lineIndex":1,"_lineLayer":0,"_type":0,"_cutDirection":0},{"_time":268.25,"_lineIndex":2,"_lineLayer":0,"_type":1,"_cutDirection":0},{"_time":268.75,"_lineIndex":0,"_lineLayer":0,"_type":0,"_cutDirection":2},{"_time":269.25,"_lineIndex":3,"_lineLayer":0,"_type":1,"_cutDirection":3},{"_time":269.75,"_lineIndex":1,"_lineLayer":0,"_type":0,"_cutDirection":0},{"_time":270.25,"_lineIndex":2,"_lineLayer":0,"_type":1,"_cutDirection":0},{"_time":270.75,"_lineIndex":0,"_lineLayer":0,"_type":0,"_cutDirection":0},{"_time":271.25,"_lineIndex":0,"_lineLayer":0,"_type":0,"_cutDirection":1},{"_time":271.75,"_lineIndex":1,"_lineLayer":0,"_type":0,"_cutDirection":0},{"_time":272.25,"_lineIndex":2,"_lineLayer":0,"_type":1,"_cutDirection":0},{"_time":272.75,"_lineIndex":0,"_lineLayer":0,"_type":0,"_cutDirection":2},{"_time":273.25,"_lineIndex":3,"_lineLayer":0,"_type":1,"_cutDirection":3},{"_time":273.75,"_lineIndex":1,"_lineLayer":0,"_type":0,"_cutDirection":0},{"_time":274.25,"_lineIndex":2,"_lineLayer":0,"_type":1,"_cutDirection":0},{"_time":274.75,"_lineIndex":0,"_lineLayer":0,"_type":0,"_cutDirection":0},{"_time":275.25,"_lineIndex":0,"_lineLayer":0,"_type":0,"_cutDirection":1},{"_time":275.75,"_lineIndex":1,"_lineLayer":0,"_type":0,"_cutDirection":0},{"_time":276.25,"_lineIndex":2,"_lineLayer":0,"_type":1,"_cutDirection":0},{"_time":276.75,"_lineIndex":0,"_lineLayer":0,"_type":0,"_cutDirection":2},{"_time":277.25,"_lineIndex":3,"_lineLayer":0,"_type":1,"_cutDirection":3},{"_time":277.75,"_lineIndex":1,"_lineLayer":0,"_type":0,"_cutDirection":0},{"_time":278.25,"_lineIndex":2,"_lineLayer":0,"_type":1,"_cutDirection":0},{"_time":278.75,"_lineIndex":0,"_lineLayer":0,"_type":0,"_cutDirection":0},{"_time":279.25,"_lineIndex":0,"_lineLayer":0,"_type":0,"_cutDirection":1},{"_time":279.75,"_lineIndex":1,"_lineLayer":0,"_type":0,"_cutDirection":0},{"_time":280.25,"_lineIndex":2,"_lineLayer":0,"_type":1,"_cutDirection":0},{"_time":280.75,"_lineIndex":0,"_lineLayer":0,"_type":0,"_cutDirection":2},{"_time":281.25,"_lineIndex":3,"_lineLayer":0,"_type":1,"_cutDirection":3},{"_time":281.75,"_lineIndex":1,"_lineLayer":0,"_type":0,"_cutDirection":0},{"_time":282.25,"_lineIndex":2,"_lineLayer":0,"_type":1,"_cutDirection":0},{"_time":282.75,"_lineIndex":0,"_lineLayer":0,"_type":0,"_cutDirection":0},{"_time":283.25,"_lineIndex":0,"_lineLayer":0,"_type":0,"_cutDirection":1},{"_time":283.75,"_lineIndex":1,"_lineLayer":0,"_type":0,"_cutDirection":0},{"_time":284.25,"_lineIndex":2,"_lineLayer":0,"_type":1,"_cutDirection":0},{"_time":284.75,"_lineIndex":0,"_lineLayer":0,"_type":0,"_cutDirection":2},{"_time":285.25,"_lineIndex":3,"_lineLayer":0,"_type":1,"_cutDirection":3},{"_time":285.75,"_lineIndex":1,"_lineLayer":0,"_type":0,"_cutDirection":0},{"_time":286.25,"_lineIndex":2,"_lineLayer":0,"_type":1,"_cutDirection":0},{"_time":286.75,"_lineIndex":0,"_lineLayer":0,"_type":0,"_cutDirection":0},{"_time":287.25,"_lineIndex":0,"_lineLayer":0,"_type":0,"_cutDirection":1},{"_time":287.75,"_lineIndex":1,"_lineLayer":0,"_type":0,"_cutDirection":0},{"_time":288.25,"_lineIndex":2,"_lineLayer":0,"_type":1,"_cutDirection":0},{"_time":288.75,"_lineIndex":0,"_lineLayer":0,"_type":0,"_cutDirection":2},{"_time":289.25,"_lineIndex":3,"_lineLayer":0,"_type":1,"_cutDirection":3},{"_time":289.75,"_lineIndex":1,"_lineLayer":0,"_type":0,"_cutDirection":0},{"_time":290.25,"_lineIndex":2,"_lineLayer":0,"_type":1,"_cutDirection":0},{"_time":290.75,"_lineIndex":0,"_lineLayer":0,"_type":0,"_cutDirection":0},{"_time":291.25,"_lineIndex":0,"_lineLayer":0,"_type":0,"_cutDirection":1},{"_time":291.75,"_lineIndex":1,"_lineLayer":0,"_type":0,"_cutDirection":0},{"_time":292.25,"_lineIndex":2,"_lineLayer":0,"_type":1,"_cutDirection":0},{"_time":292.625,"_lineIndex":3,"_lineLayer":0,"_type":1,"_cutDirection":1},{"_time":292.625,"_lineIndex":3,"_lineLayer":1,"_type":1,"_cutDirection":1},{"_time":293.75,"_lineIndex":0,"_lineLayer":0,"_type":1,"_cutDirection":2},{"_time":293.75,"_lineIndex":1,"_lineLayer":0,"_type":1,"_cutDirection":2},{"_time":293.75,"_lineIndex":0,"_lineLayer":1,"_type":0,"_cutDirection":2},{"_time":293.75,"_lineIndex":1,"_lineLayer":1,"_type":0,"_cutDirection":2},{"_time":294.25,"_lineIndex":0,"_lineLayer":1,"_type":0,"_cutDirection":3},{"_time":294.25,"_lineIndex":1,"_lineLayer":1,"_type":0,"_cutDirection":3},{"_time":294.25,"_lineIndex":0,"_lineLayer":0,"_type":1,"_cutDirection":3},{"_time":294.25,"_lineIndex":1,"_lineLayer":0,"_type":1,"_cutDirection":3},{"_time":295.625,"_lineIndex":3,"_lineLayer":0,"_type":1,"_cutDirection":7},{"_time":296,"_lineIndex":3,"_lineLayer":2,"_type":1,"_cutDirection":5},{"_time":296.625,"_lineIndex":1,"_lineLayer":0,"_type":0,"_cutDirection":1},{"_time":296.625,"_lineIndex":2,"_lineLayer":0,"_type":1,"_cutDirection":1},{"_time":297.625,"_lineIndex":1,"_lineLayer":0,"_type":0,"_cutDirection":0},{"_time":297.625,"_lineIndex":2,"_lineLayer":0,"_type":1,"_cutDirection":0},{"_time":298.625,"_lineIndex":3,"_lineLayer":0,"_type":1,"_cutDirection":3},{"_time":298.625,"_lineIndex":0,"_lineLayer":0,"_type":0,"_cutDirection":2},{"_time":299.625,"_lineIndex":0,"_lineLayer":0,"_type":0,"_cutDirection":6},{"_time":300.125,"_lineIndex":0,"_lineLayer":2,"_type":0,"_cutDirection":4},{"_time":300.625,"_lineIndex":1,"_lineLayer":0,"_type":0,"_cutDirection":1},{"_time":300.625,"_lineIndex":2,"_lineLayer":0,"_type":1,"_cutDirection":1},{"_time":301.625,"_lineIndex":0,"_lineLayer":2,"_type":0,"_cutDirection":4},{"_time":302.625,"_lineIndex":2,"_lineLayer":0,"_type":1,"_cutDirection":1},{"_time":302.625,"_lineIndex":1,"_lineLayer":0,"_type":0,"_cutDirection":1},{"_time":303.5,"_lineIndex":0,"_lineLayer":0,"_type":0,"_cutDirection":6},{"_time":304,"_lineIndex":3,"_lineLayer":2,"_type":1,"_cutDirection":5},{"_time":304.75,"_lineIndex":1,"_lineLayer":0,"_type":0,"_cutDirection":1},{"_time":304.75,"_lineIndex":2,"_lineLayer":0,"_type":1,"_cutDirection":1},{"_time":305.625,"_lineIndex":1,"_lineLayer":0,"_type":0,"_cutDirection":0},{"_time":305.625,"_lineIndex":2,"_lineLayer":0,"_type":1,"_cutDirection":0},{"_time":306.625,"_lineIndex":2,"_lineLayer":0,"_type":1,"_cutDirection":1},{"_time":306.625,"_lineIndex":1,"_lineLayer":0,"_type":0,"_cutDirection":1},{"_time":307.75,"_lineIndex":3,"_lineLayer":0,"_type":1,"_cutDirection":7},{"_time":308.125,"_lineIndex":3,"_lineLayer":2,"_type":1,"_cutDirection":5},{"_time":308.625,"_lineIndex":2,"_lineLayer":0,"_type":1,"_cutDirection":1},{"_time":308.625,"_lineIndex":1,"_lineLayer":0,"_type":0,"_cutDirection":1},{"_time":309.625,"_lineIndex":1,"_lineLayer":0,"_type":0,"_cutDirection":0},{"_time":309.625,"_lineIndex":2,"_lineLayer":0,"_type":1,"_cutDirection":0},{"_time":310.125,"_lineIndex":2,"_lineLayer":0,"_type":1,"_cutDirection":1},{"_time":310.125,"_lineIndex":1,"_lineLayer":0,"_type":0,"_cutDirection":1},{"_time":311.625,"_lineIndex":3,"_lineLayer":0,"_type":1,"_cutDirection":7},{"_time":312.625,"_lineIndex":1,"_lineLayer":0,"_type":0,"_cutDirection":1},{"_time":312.625,"_lineIndex":2,"_lineLayer":0,"_type":1,"_cutDirection":1},{"_time":313.75,"_lineIndex":3,"_lineLayer":0,"_type":1,"_cutDirection":3},{"_time":313.75,"_lineIndex":0,"_lineLayer":0,"_type":0,"_cutDirection":2},{"_time":314.625,"_lineIndex":0,"_lineLayer":0,"_type":0,"_cutDirection":6},{"_time":314.625,"_lineIndex":3,"_lineLayer":0,"_type":1,"_cutDirection":7},{"_time":315.625,"_lineIndex":3,"_lineLayer":2,"_type":1,"_cutDirection":5},{"_time":315.625,"_lineIndex":0,"_lineLayer":2,"_type":0,"_cutDirection":4},{"_time":316.625,"_lineIndex":0,"_lineLayer":0,"_type":0,"_cutDirection":6},{"_time":316.625,"_lineIndex":3,"_lineLayer":0,"_type":1,"_cutDirection":7},{"_time":316.625,"_lineIndex":2,"_lineLayer":1,"_type":1,"_cutDirection":7},{"_time":316.625,"_lineIndex":1,"_lineLayer":1,"_type":0,"_cutDirection":6},{"_time":320,"_lineIndex":1,"_lineLayer":0,"_type":0,"_cutDirection":1},{"_time":320,"_lineIndex":2,"_lineLayer":0,"_type":1,"_cutDirection":1},{"_time":320.25,"_lineIndex":1,"_lineLayer":0,"_type":0,"_cutDirection":0},{"_time":320.25,"_lineIndex":2,"_lineLayer":0,"_type":1,"_cutDirection":0},{"_time":321,"_lineIndex":1,"_lineLayer":0,"_type":0,"_cutDirection":1},{"_time":321,"_lineIndex":2,"_lineLayer":0,"_type":1,"_cutDirection":1},{"_time":322,"_lineIndex":1,"_lineLayer":0,"_type":0,"_cutDirection":0},{"_time":322,"_lineIndex":2,"_lineLayer":0,"_type":1,"_cutDirection":0},{"_time":322.5,"_lineIndex":1,"_lineLayer":0,"_type":0,"_cutDirection":1},{"_time":322.5,"_lineIndex":2,"_lineLayer":0,"_type":1,"_cutDirection":1},{"_time":323.5,"_lineIndex":3,"_lineLayer":0,"_type":1,"_cutDirection":7},{"_time":324.5,"_lineIndex":0,"_lineLayer":0,"_type":0,"_cutDirection":1},{"_time":324.5,"_lineIndex":0,"_lineLayer":1,"_type":0,"_cutDirection":1},{"_time":325.625,"_lineIndex":0,"_lineLayer":2,"_type":0,"_cutDirection":4},{"_time":326.125,"_lineIndex":2,"_lineLayer":0,"_type":1,"_cutDirection":3},{"_time":326.125,"_lineIndex":3,"_lineLayer":0,"_type":1,"_cutDirection":3},{"_time":327.625,"_lineIndex":3,"_lineLayer":2,"_type":1,"_cutDirection":5},{"_time":328.125,"_lineIndex":1,"_lineLayer":0,"_type":1,"_cutDirection":1},{"_time":328.125,"_lineIndex":0,"_lineLayer":0,"_type":0,"_cutDirection":1},{"_time":328.625,"_lineIndex":1,"_lineLayer":0,"_type":1,"_cutDirection":0},{"_time":328.625,"_lineIndex":0,"_lineLayer":0,"_type":0,"_cutDirection":0},{"_time":331.5,"_lineIndex":3,"_lineLayer":0,"_type":1,"_cutDirection":3},{"_time":331.5,"_lineIndex":2,"_lineLayer":0,"_type":1,"_cutDirection":3},{"_time":332.125,"_lineIndex":0,"_lineLayer":2,"_type":0,"_cutDirection":4},{"_time":332.5,"_lineIndex":2,"_lineLayer":0,"_type":1,"_cutDirection":1},{"_time":332.5,"_lineIndex":0,"_lineLayer":0,"_type":0,"_cutDirection":1},{"_time":333.5,"_lineIndex":0,"_lineLayer":2,"_type":0,"_cutDirection":4},{"_time":334,"_lineIndex":1,"_lineLayer":0,"_type":0,"_cutDirection":1},{"_time":334,"_lineIndex":3,"_lineLayer":0,"_type":1,"_cutDirection":1},{"_time":335.5,"_lineIndex":3,"_lineLayer":0,"_type":1,"_cutDirection":7},{"_time":336,"_lineIndex":0,"_lineLayer":2,"_type":0,"_cutDirection":4},{"_time":336.5,"_lineIndex":2,"_lineLayer":0,"_type":0,"_cutDirection":1},{"_time":336.5,"_lineIndex":3,"_lineLayer":0,"_type":1,"_cutDirection":1},{"_time":340.375,"_lineIndex":0,"_lineLayer":1,"_type":0,"_cutDirection":1},{"_time":340.375,"_lineIndex":0,"_lineLayer":0,"_type":0,"_cutDirection":1},{"_time":341.5,"_lineIndex":0,"_lineLayer":2,"_type":0,"_cutDirection":4},{"_time":342,"_lineIndex":2,"_lineLayer":0,"_type":1,"_cutDirection":3},{"_time":342,"_lineIndex":3,"_lineLayer":0,"_type":1,"_cutDirection":3},{"_time":343.375,"_lineIndex":3,"_lineLayer":2,"_type":1,"_cutDirection":5},{"_time":344.375,"_lineIndex":1,"_lineLayer":0,"_type":1,"_cutDirection":1},{"_time":344.375,"_lineIndex":0,"_lineLayer":0,"_type":0,"_cutDirection":1},{"_time":344.875,"_lineIndex":0,"_lineLayer":0,"_type":0,"_cutDirection":0},{"_time":344.875,"_lineIndex":1,"_lineLayer":0,"_type":1,"_cutDirection":0},{"_time":348.25,"_lineIndex":3,"_lineLayer":0,"_type":1,"_cutDirection":3},{"_time":348.25,"_lineIndex":2,"_lineLayer":0,"_type":1,"_cutDirection":3},{"_time":349.25,"_lineIndex":0,"_lineLayer":2,"_type":0,"_cutDirection":4},{"_time":349.75,"_lineIndex":0,"_lineLayer":0,"_type":0,"_cutDirection":1},{"_time":349.75,"_lineIndex":2,"_lineLayer":0,"_type":1,"_cutDirection":1},{"_time":351.25,"_lineIndex":3,"_lineLayer":0,"_type":1,"_cutDirection":7},{"_time":351.75,"_lineIndex":0,"_lineLayer":2,"_type":0,"_cutDirection":4},{"_time":352.25,"_lineIndex":2,"_lineLayer":0,"_type":0,"_cutDirection":1},{"_time":352.25,"_lineIndex":3,"_lineLayer":0,"_type":1,"_cutDirection":1},{"_time":356.25,"_lineIndex":1,"_lineLayer":1,"_type":0,"_cutDirection":2},{"_time":356.25,"_lineIndex":2,"_lineLayer":0,"_type":1,"_cutDirection":3},{"_time":356.25,"_lineIndex":3,"_lineLayer":0,"_type":1,"_cutDirection":3},{"_time":356.25,"_lineIndex":0,"_lineLayer":1,"_type":0,"_cutDirection":2},{"_time":357.625,"_lineIndex":3,"_lineLayer":2,"_type":1,"_cutDirection":0},{"_time":357.625,"_lineIndex":3,"_lineLayer":1,"_type":1,"_cutDirection":0},{"_time":359.125,"_lineIndex":0,"_lineLayer":1,"_type":0,"_cutDirection":0},{"_time":359.125,"_lineIndex":0,"_lineLayer":2,"_type":0,"_cutDirection":0},{"_time":363.25,"_lineIndex":2,"_lineLayer":0,"_type":1,"_cutDirection":3},{"_time":363.25,"_lineIndex":3,"_lineLayer":0,"_type":1,"_cutDirection":3},{"_time":364.125,"_lineIndex":1,"_lineLayer":0,"_type":0,"_cutDirection":1},{"_time":364.25,"_lineIndex":0,"_lineLayer":0,"_type":0,"_cutDirection":0},{"_time":365.125,"_lineIndex":1,"_lineLayer":0,"_type":0,"_cutDirection":1},{"_time":366.125,"_lineIndex":2,"_lineLayer":0,"_type":1,"_cutDirection":1},{"_time":366.25,"_lineIndex":3,"_lineLayer":0,"_type":1,"_cutDirection":0},{"_time":367.125,"_lineIndex":2,"_lineLayer":0,"_type":1,"_cutDirection":1},{"_time":367.625,"_lineIndex":3,"_lineLayer":2,"_type":1,"_cutDirection":5},{"_time":368.125,"_lineIndex":0,"_lineLayer":2,"_type":0,"_cutDirection":4},{"_time":369.125,"_lineIndex":0,"_lineLayer":0,"_type":0,"_cutDirection":0},{"_time":370.125,"_lineIndex":0,"_lineLayer":0,"_type":0,"_cutDirection":1},{"_time":371.125,"_lineIndex":0,"_lineLayer":1,"_type":0,"_cutDirection":0},{"_time":371.125,"_lineIndex":0,"_lineLayer":0,"_type":0,"_cutDirection":0},{"_time":371.625,"_lineIndex":1,"_lineLayer":0,"_type":0,"_cutDirection":1},{"_time":372,"_lineIndex":2,"_lineLayer":0,"_type":1,"_cutDirection":0},{"_time":372.25,"_lineIndex":3,"_lineLayer":0,"_type":1,"_cutDirection":1},{"_time":372.625,"_lineIndex":2,"_lineLayer":0,"_type":1,"_cutDirection":1},{"_time":373,"_lineIndex":0,"_lineLayer":1,"_type":0,"_cutDirection":2},{"_time":373.5,"_lineIndex":1,"_lineLayer":2,"_type":0,"_cutDirection":0},{"_time":374,"_lineIndex":3,"_lineLayer":0,"_type":1,"_cutDirection":1},{"_time":375,"_lineIndex":2,"_lineLayer":0,"_type":1,"_cutDirection":0},{"_time":375.5,"_lineIndex":0,"_lineLayer":2,"_type":0,"_cutDirection":4},{"_time":376,"_lineIndex":2,"_lineLayer":0,"_type":1,"_cutDirection":1},{"_time":377,"_lineIndex":3,"_lineLayer":0,"_type":1,"_cutDirection":7},{"_time":380,"_lineIndex":3,"_lineLayer":0,"_type":1,"_cutDirection":0},{"_time":380.5,"_lineIndex":3,"_lineLayer":0,"_type":1,"_cutDirection":1},{"_time":380.5,"_lineIndex":1,"_lineLayer":0,"_type":0,"_cutDirection":1},{"_time":381,"_lineIndex":0,"_lineLayer":0,"_type":0,"_cutDirection":0},{"_time":381.375,"_lineIndex":2,"_lineLayer":0,"_type":1,"_cutDirection":1},{"_time":381.375,"_lineIndex":0,"_lineLayer":0,"_type":0,"_cutDirection":1},{"_time":382,"_lineIndex":1,"_lineLayer":0,"_type":0,"_cutDirection":0},{"_time":382,"_lineIndex":2,"_lineLayer":0,"_type":1,"_cutDirection":0},{"_time":383,"_lineIndex":1,"_lineLayer":0,"_type":0,"_cutDirection":1},{"_time":383.5,"_lineIndex":3,"_lineLayer":1,"_type":1,"_cutDirection":3},{"_time":383.75,"_lineIndex":3,"_lineLayer":1,"_type":1,"_cutDirection":2},{"_time":384,"_lineIndex":3,"_lineLayer":1,"_type":1,"_cutDirection":3},{"_time":384.5,"_lineIndex":0,"_lineLayer":1,"_type":0,"_cutDirection":2},{"_time":385,"_lineIndex":1,"_lineLayer":0,"_type":0,"_cutDirection":1},{"_time":387,"_lineIndex":3,"_lineLayer":1,"_type":1,"_cutDirection":0},{"_time":387.375,"_lineIndex":3,"_lineLayer":2,"_type":1,"_cutDirection":5},{"_time":387.875,"_lineIndex":0,"_lineLayer":0,"_type":0,"_cutDirection":6},{"_time":388.125,"_lineIndex":0,"_lineLayer":0,"_type":0,"_cutDirection":5},{"_time":388.625,"_lineIndex":0,"_lineLayer":0,"_type":0,"_cutDirection":6},{"_time":388.875,"_lineIndex":3,"_lineLayer":0,"_type":1,"_cutDirection":7},{"_time":389.375,"_lineIndex":3,"_lineLayer":1,"_type":1,"_cutDirection":0},{"_time":390.375,"_lineIndex":0,"_lineLayer":2,"_type":0,"_cutDirection":4},{"_time":390.875,"_lineIndex":0,"_lineLayer":0,"_type":0,"_cutDirection":6},{"_time":391.875,"_lineIndex":3,"_lineLayer":0,"_type":1,"_cutDirection":1},{"_time":392.75,"_lineIndex":3,"_lineLayer":0,"_type":1,"_cutDirection":1},{"_time":393.75,"_lineIndex":3,"_lineLayer":0,"_type":1,"_cutDirection":1},{"_time":394.75,"_lineIndex":3,"_lineLayer":0,"_type":1,"_cutDirection":1},{"_time":395.25,"_lineIndex":0,"_lineLayer":0,"_type":0,"_cutDirection":4},{"_time":395.375,"_lineIndex":0,"_lineLayer":1,"_type":0,"_cutDirection":5},{"_time":395.5,"_lineIndex":1,"_lineLayer":1,"_type":0,"_cutDirection":7},{"_time":396,"_lineIndex":0,"_lineLayer":0,"_type":0,"_cutDirection":4},{"_time":396.125,"_lineIndex":0,"_lineLayer":1,"_type":0,"_cutDirection":5},{"_time":396.25,"_lineIndex":1,"_lineLayer":1,"_type":0,"_cutDirection":7},{"_time":396.625,"_lineIndex":3,"_lineLayer":0,"_type":1,"_cutDirection":5},{"_time":396.75,"_lineIndex":3,"_lineLayer":1,"_type":1,"_cutDirection":4},{"_time":396.875,"_lineIndex":2,"_lineLayer":1,"_type":1,"_cutDirection":6},{"_time":397.375,"_lineIndex":3,"_lineLayer":0,"_type":1,"_cutDirection":5},{"_time":397.5,"_lineIndex":3,"_lineLayer":1,"_type":1,"_cutDirection":4},{"_time":397.625,"_lineIndex":2,"_lineLayer":1,"_type":1,"_cutDirection":6},{"_time":397.75,"_lineIndex":2,"_lineLayer":0,"_type":1,"_cutDirection":1},{"_time":407.625,"_lineIndex":2,"_lineLayer":0,"_type":0,"_cutDirection":2},{"_time":407.625,"_lineIndex":1,"_lineLayer":0,"_type":0,"_cutDirection":2},{"_time":407.625,"_lineIndex":0,"_lineLayer":0,"_type":0,"_cutDirection":2},{"_time":411.5,"_lineIndex":2,"_lineLayer":0,"_type":1,"_cutDirection":1},{"_time":411.5,"_lineIndex":1,"_lineLayer":0,"_type":0,"_cutDirection":1},{"_time":412.25,"_lineIndex":2,"_lineLayer":0,"_type":1,"_cutDirection":0},{"_time":412.25,"_lineIndex":1,"_lineLayer":0,"_type":0,"_cutDirection":0},{"_time":412.875,"_lineIndex":2,"_lineLayer":0,"_type":1,"_cutDirection":1},{"_time":412.875,"_lineIndex":1,"_lineLayer":0,"_type":0,"_cutDirection":1},{"_time":413.5,"_lineIndex":2,"_lineLayer":0,"_type":1,"_cutDirection":0},{"_time":413.5,"_lineIndex":1,"_lineLayer":0,"_type":0,"_cutDirection":0},{"_time":414.25,"_lineIndex":3,"_lineLayer":0,"_type":1,"_cutDirection":7},{"_time":414.625,"_lineIndex":0,"_lineLayer":0,"_type":0,"_cutDirection":1},{"_time":414.625,"_lineIndex":0,"_lineLayer":1,"_type":0,"_cutDirection":1},{"_time":415.625,"_lineIndex":0,"_lineLayer":2,"_type":0,"_cutDirection":4},{"_time":416.125,"_lineIndex":3,"_lineLayer":0,"_type":1,"_cutDirection":3},{"_time":416.125,"_lineIndex":2,"_lineLayer":0,"_type":1,"_cutDirection":3},{"_time":417.625,"_lineIndex":3,"_lineLayer":2,"_type":1,"_cutDirection":5},{"_time":418.125,"_lineIndex":1,"_lineLayer":0,"_type":1,"_cutDirection":1},{"_time":418.125,"_lineIndex":0,"_lineLayer":0,"_type":0,"_cutDirection":1},{"_time":418.625,"_lineIndex":0,"_lineLayer":0,"_type":0,"_cutDirection":0},{"_time":418.625,"_lineIndex":1,"_lineLayer":0,"_type":1,"_cutDirection":0},{"_time":421.625,"_lineIndex":3,"_lineLayer":0,"_type":1,"_cutDirection":3},{"_time":421.625,"_lineIndex":2,"_lineLayer":0,"_type":1,"_cutDirection":3},{"_time":422,"_lineIndex":0,"_lineLayer":2,"_type":0,"_cutDirection":4},{"_time":422.5,"_lineIndex":0,"_lineLayer":0,"_type":0,"_cutDirection":1},{"_time":422.5,"_lineIndex":2,"_lineLayer":0,"_type":1,"_cutDirection":1},{"_time":423.5,"_lineIndex":0,"_lineLayer":2,"_type":0,"_cutDirection":4},{"_time":424.125,"_lineIndex":3,"_lineLayer":0,"_type":1,"_cutDirection":1},{"_time":424.125,"_lineIndex":1,"_lineLayer":0,"_type":0,"_cutDirection":1},{"_time":425.625,"_lineIndex":3,"_lineLayer":0,"_type":1,"_cutDirection":7},{"_time":426.125,"_lineIndex":0,"_lineLayer":2,"_type":0,"_cutDirection":4},{"_time":426.5,"_lineIndex":2,"_lineLayer":0,"_type":0,"_cutDirection":1},{"_time":426.5,"_lineIndex":3,"_lineLayer":0,"_type":1,"_cutDirection":1},{"_time":429.875,"_lineIndex":3,"_lineLayer":0,"_type":1,"_cutDirection":7},{"_time":430.375,"_lineIndex":0,"_lineLayer":0,"_type":0,"_cutDirection":1},{"_time":430.375,"_lineIndex":0,"_lineLayer":1,"_type":0,"_cutDirection":1},{"_time":431,"_lineIndex":0,"_lineLayer":2,"_type":0,"_cutDirection":4},{"_time":431.375,"_lineIndex":3,"_lineLayer":0,"_type":1,"_cutDirection":3},{"_time":431.375,"_lineIndex":2,"_lineLayer":0,"_type":1,"_cutDirection":3},{"_time":433,"_lineIndex":3,"_lineLayer":2,"_type":1,"_cutDirection":5},{"_time":433.375,"_lineIndex":1,"_lineLayer":0,"_type":1,"_cutDirection":1},{"_time":433.375,"_lineIndex":0,"_lineLayer":0,"_type":0,"_cutDirection":1},{"_time":434.375,"_lineIndex":1,"_lineLayer":0,"_type":1,"_cutDirection":0},{"_time":434.375,"_lineIndex":0,"_lineLayer":0,"_type":0,"_cutDirection":0},{"_time":438.25,"_lineIndex":3,"_lineLayer":0,"_type":1,"_cutDirection":3},{"_time":438.25,"_lineIndex":2,"_lineLayer":0,"_type":1,"_cutDirection":3},{"_time":439.25,"_lineIndex":0,"_lineLayer":2,"_type":0,"_cutDirection":4},{"_time":439.75,"_lineIndex":2,"_lineLayer":0,"_type":1,"_cutDirection":1},{"_time":439.75,"_lineIndex":0,"_lineLayer":0,"_type":0,"_cutDirection":1},{"_time":441.25,"_lineIndex":3,"_lineLayer":0,"_type":1,"_cutDirection":7},{"_time":441.75,"_lineIndex":0,"_lineLayer":2,"_type":0,"_cutDirection":4},{"_time":442.25,"_lineIndex":2,"_lineLayer":0,"_type":0,"_cutDirection":1},{"_time":442.25,"_lineIndex":3,"_lineLayer":0,"_type":1,"_cutDirection":1},{"_time":445.5,"_lineIndex":3,"_lineLayer":0,"_type":1,"_cutDirection":7},{"_time":446,"_lineIndex":0,"_lineLayer":0,"_type":0,"_cutDirection":1},{"_time":446,"_lineIndex":0,"_lineLayer":1,"_type":0,"_cutDirection":1},{"_time":447.125,"_lineIndex":3,"_lineLayer":2,"_type":1,"_cutDirection":5},{"_time":447.5,"_lineIndex":0,"_lineLayer":0,"_type":0,"_cutDirection":1},{"_time":447.5,"_lineIndex":1,"_lineLayer":0,"_type":1,"_cutDirection":1},{"_time":448,"_lineIndex":0,"_lineLayer":0,"_type":0,"_cutDirection":0},{"_time":448,"_lineIndex":1,"_lineLayer":0,"_type":1,"_cutDirection":0},{"_time":452.875,"_lineIndex":2,"_lineLayer":0,"_type":1,"_cutDirection":3},{"_time":452.875,"_lineIndex":3,"_lineLayer":0,"_type":1,"_cutDirection":3},{"_time":453.875,"_lineIndex":0,"_lineLayer":2,"_type":0,"_cutDirection":4},{"_time":454.25,"_lineIndex":2,"_lineLayer":0,"_type":1,"_cutDirection":1},{"_time":454.25,"_lineIndex":0,"_lineLayer":0,"_type":0,"_cutDirection":1},{"_time":454.875,"_lineIndex":0,"_lineLayer":2,"_type":0,"_cutDirection":4},{"_time":455.375,"_lineIndex":3,"_lineLayer":0,"_type":1,"_cutDirection":1},{"_time":455.375,"_lineIndex":1,"_lineLayer":0,"_type":0,"_cutDirection":1},{"_time":456.875,"_lineIndex":3,"_lineLayer":0,"_type":1,"_cutDirection":7},{"_time":457.25,"_lineIndex":0,"_lineLayer":2,"_type":0,"_cutDirection":4},{"_time":457.75,"_lineIndex":2,"_lineLayer":0,"_type":0,"_cutDirection":1},{"_time":457.75,"_lineIndex":3,"_lineLayer":0,"_type":1,"_cutDirection":1},{"_time":460.75,"_lineIndex":3,"_lineLayer":0,"_type":1,"_cutDirection":7},{"_time":461.25,"_lineIndex":0,"_lineLayer":0,"_type":0,"_cutDirection":0},{"_time":461.25,"_lineIndex":0,"_lineLayer":1,"_type":0,"_cutDirection":0},{"_time":462.25,"_lineIndex":0,"_lineLayer":2,"_type":0,"_cutDirection":4},{"_time":462.6875,"_lineIndex":3,"_lineLayer":0,"_type":1,"_cutDirection":1},{"_time":462.6875,"_lineIndex":2,"_lineLayer":0,"_type":0,"_cutDirection":1},{"_time":464.25,"_lineIndex":3,"_lineLayer":2,"_type":1,"_cutDirection":5},{"_time":464.625,"_lineIndex":1,"_lineLayer":0,"_type":1,"_cutDirection":1},{"_time":464.625,"_lineIndex":0,"_lineLayer":0,"_type":0,"_cutDirection":1},{"_time":465.125,"_lineIndex":0,"_lineLayer":0,"_type":0,"_cutDirection":0},{"_time":465.125,"_lineIndex":1,"_lineLayer":0,"_type":1,"_cutDirection":0},{"_time":469.5,"_lineIndex":2,"_lineLayer":0,"_type":1,"_cutDirection":3},{"_time":469.5,"_lineIndex":3,"_lineLayer":0,"_type":1,"_cutDirection":3},{"_time":470,"_lineIndex":0,"_lineLayer":2,"_type":0,"_cutDirection":4},{"_time":470.5,"_lineIndex":0,"_lineLayer":0,"_type":0,"_cutDirection":1},{"_time":470.5,"_lineIndex":2,"_lineLayer":0,"_type":1,"_cutDirection":1},{"_time":471.5,"_lineIndex":3,"_lineLayer":0,"_type":1,"_cutDirection":7},{"_time":472,"_lineIndex":0,"_lineLayer":2,"_type":0,"_cutDirection":4},{"_time":472.5,"_lineIndex":3,"_lineLayer":0,"_type":1,"_cutDirection":1},{"_time":472.5,"_lineIndex":2,"_lineLayer":0,"_type":0,"_cutDirection":1}],"_obstacles":[{"_time":127,"_lineIndex":3,"_type":0,"_duration":1,"_width":1},{"_time":127,"_lineIndex":2,"_type":0,"_duration":1,"_width":1},{"_time":128,"_lineIndex":2,"_type":0,"_duration":1,"_width":1},{"_time":128,"_lineIndex":3,"_type":0,"_duration":1,"_width":1},{"_time":129,"_lineIndex":2,"_type":0,"_duration":1,"_width":1},{"_time":129,"_lineIndex":3,"_type":0,"_duration":1,"_width":1},{"_time":130,"_lineIndex":3,"_type":1,"_duration":1,"_width":1},{"_time":130,"_lineIndex":0,"_type":1,"_duration":1,"_width":1},{"_time":130,"_lineIndex":2,"_type":1,"_duration":1,"_width":1},{"_time":130,"_lineIndex":1,"_type":1,"_duration":1,"_width":1},{"_time":131,"_lineIndex":3,"_type":1,"_duration":1,"_width":1},{"_time":131,"_lineIndex":1,"_type":1,"_duration":1,"_width":1},{"_time":131,"_lineIndex":0,"_type":1,"_duration":1,"_width":1},{"_time":131,"_lineIndex":2,"_type":1,"_duration":1,"_width":1},{"_time":132,"_lineIndex":2,"_type":1,"_duration":1,"_width":1},{"_time":132,"_lineIndex":3,"_type":1,"_duration":1,"_width":1},{"_time":132,"_lineIndex":0,"_type":1,"_duration":1,"_width":1},{"_time":132,"_lineIndex":1,"_type":1,"_duration":1,"_width":1},{"_time":133,"_lineIndex":0,"_type":1,"_duration":1,"_width":1},{"_time":133,"_lineIndex":1,"_type":1,"_duration":1,"_width":1},{"_time":133,"_lineIndex":2,"_type":1,"_duration":1,"_width":1},{"_time":133,"_lineIndex":3,"_type":1,"_duration":1,"_width":1},{"_time":134,"_lineIndex":0,"_type":0,"_duration":1,"_width":1},{"_time":134,"_lineIndex":1,"_type":0,"_duration":1,"_width":1},{"_time":135,"_lineIndex":0,"_type":0,"_duration":1,"_width":1},{"_time":135,"_lineIndex":1,"_type":0,"_duration":1,"_width":1},{"_time":136,"_lineIndex":0,"_type":0,"_duration":1,"_width":1},{"_time":136,"_lineIndex":1,"_type":0,"_duration":1,"_width":1},{"_time":137,"_lineIndex":0,"_type":0,"_duration":1,"_width":1},{"_time":137,"_lineIndex":1,"_type":0,"_duration":1,"_width":1}]}