{"songName":"Livin' On A Prayer","songSubName":"Bon Jovi","authorName":"Bon Jovi","beatsPerMinute":122,"previewStartTime":75,"previewDuration":17,"coverImagePath":"cover.jpg","environmentName":"TriangleEnvironment","difficultyLevels":[{"difficulty":"Expert","difficultyRank":4,"audioPath":"song.ogg","jsonPath":"Expert.json","offset":0,"oldOffset":0},{"difficulty":"Hard","difficultyRank":4,"audioPath":"song.ogg","jsonPath":"Hard.json","offset":0,"oldOffset":0},{"difficulty":"Normal","difficultyRank":4,"audioPath":"song.ogg","jsonPath":"Normal.json","offset":0,"oldOffset":0}]}