{"_version":"1.5.0","_beatsPerMinute":122,"_beatsPerBar":16,"_noteJumpSpeed":10,"_shuffle":0,"_shufflePeriod":0.5,"_events":[{"_time":29.75,"_type":0,"_value":2},{"_time":30.875,"_type":0,"_value":2},{"_time":31.875,"_type":0,"_value":2},{"_time":33.875,"_type":0,"_value":2},{"_time":34.875,"_type":0,"_value":2},{"_time":35,"_type":0,"_value":2},{"_time":35.875,"_type":0,"_value":2},{"_time":36,"_type":0,"_value":2},{"_time":37.625,"_type":0,"_value":2},{"_time":38.75,"_type":0,"_value":2},{"_time":39.75,"_type":0,"_value":2},{"_time":41.75,"_type":0,"_value":2},{"_time":42.625,"_type":0,"_value":2},{"_time":43.75,"_type":0,"_value":2},{"_time":44,"_type":1,"_value":2},{"_time":44.25,"_type":2,"_value":2},{"_time":44.25,"_type":3,"_value":2},{"_time":44.5,"_type":4,"_value":2},{"_time":44.5,"_type":8,"_value":0},{"_time":46,"_type":8,"_value":0},{"_time":47,"_type":8,"_value":0},{"_time":47.5,"_type":8,"_value":0},{"_time":48,"_type":8,"_value":0},{"_time":48.5,"_type":8,"_value":0},{"_time":49,"_type":8,"_value":0},{"_time":49.5,"_type":8,"_value":0},{"_time":50,"_type":8,"_value":0},{"_time":50.5,"_type":8,"_value":0},{"_time":51,"_type":8,"_value":0},{"_time":51.5,"_type":8,"_value":0},{"_time":52,"_type":8,"_value":0},{"_time":52.5,"_type":8,"_value":0},{"_time":53,"_type":8,"_value":0},{"_time":53.5,"_type":8,"_value":0},{"_time":54,"_type":8,"_value":0},{"_time":54.5,"_type":8,"_value":0},{"_time":55,"_type":8,"_value":0},{"_time":55.5,"_type":8,"_value":0},{"_time":56,"_type":8,"_value":0},{"_time":56.5,"_type":8,"_value":0},{"_time":57,"_type":8,"_value":0},{"_time":57.5,"_type":8,"_value":0},{"_time":58,"_type":8,"_value":0},{"_time":58.5,"_type":8,"_value":0},{"_time":59,"_type":8,"_value":0},{"_time":59.5,"_type":8,"_value":0},{"_time":60,"_type":8,"_value":0},{"_time":60.5,"_type":8,"_value":0},{"_time":61,"_type":8,"_value":0},{"_time":61.5,"_type":8,"_value":0},{"_time":62,"_type":8,"_value":0},{"_time":62.5,"_type":8,"_value":0},{"_time":63,"_type":8,"_value":0},{"_time":63.5,"_type":8,"_value":0},{"_time":64,"_type":8,"_value":0},{"_time":64.5,"_type":8,"_value":0},{"_time":65,"_type":8,"_value":0},{"_time":65.5,"_type":8,"_value":0},{"_time":66,"_type":8,"_value":0},{"_time":66.5,"_type":8,"_value":0},{"_time":67,"_type":8,"_value":0},{"_time":67.5,"_type":8,"_value":0},{"_time":68,"_type":8,"_value":0},{"_time":68.5,"_type":8,"_value":0},{"_time":69,"_type":8,"_value":0},{"_time":69.5,"_type":8,"_value":0},{"_time":70,"_type":8,"_value":0},{"_time":70.5,"_type":8,"_value":0},{"_time":71,"_type":8,"_value":0},{"_time":71.5,"_type":8,"_value":0},{"_time":72,"_type":8,"_value":0},{"_time":72.5,"_type":8,"_value":0},{"_time":73,"_type":8,"_value":0},{"_time":73.5,"_type":8,"_value":0},{"_time":74,"_type":8,"_value":0},{"_time":74.5,"_type":8,"_value":0},{"_time":75,"_type":8,"_value":0},{"_time":75.5,"_type":8,"_value":0},{"_time":76,"_type":8,"_value":0},{"_time":76.5,"_type":8,"_value":0},{"_time":77,"_type":8,"_value":0},{"_time":77.5,"_type":8,"_value":0},{"_time":78,"_type":8,"_value":0},{"_time":78.5,"_type":8,"_value":0},{"_time":79,"_type":8,"_value":0},{"_time":79.5,"_type":8,"_value":0},{"_time":80,"_type":8,"_value":0},{"_time":80.5,"_type":8,"_value":0},{"_time":81,"_type":8,"_value":0},{"_time":81.5,"_type":8,"_value":0},{"_time":82,"_type":8,"_value":0},{"_time":82.5,"_type":8,"_value":0},{"_time":83,"_type":8,"_value":0},{"_time":83.5,"_type":8,"_value":0},{"_time":84,"_type":8,"_value":0},{"_time":84.5,"_type":8,"_value":0},{"_time":85,"_type":8,"_value":0},{"_time":85.5,"_type":8,"_value":0},{"_time":86,"_type":8,"_value":0},{"_time":86.5,"_type":8,"_value":0},{"_time":87,"_type":8,"_value":0},{"_time":87.5,"_type":8,"_value":0},{"_time":88,"_type":8,"_value":0},{"_time":88.5,"_type":8,"_value":0},{"_time":89,"_type":8,"_value":0},{"_time":89.5,"_type":8,"_value":0},{"_time":90,"_type":8,"_value":0},{"_time":90.5,"_type":8,"_value":0},{"_time":91,"_type":8,"_value":0},{"_time":91.5,"_type":8,"_value":0},{"_time":92,"_type":8,"_value":0},{"_time":92.5,"_type":8,"_value":0},{"_time":93,"_type":8,"_value":0},{"_time":93.5,"_type":8,"_value":0},{"_time":94,"_type":8,"_value":0},{"_time":94.5,"_type":8,"_value":0},{"_time":95,"_type":8,"_value":0},{"_time":95.5,"_type":8,"_value":0},{"_time":96,"_type":8,"_value":0},{"_time":96.5,"_type":8,"_value":0},{"_time":97,"_type":8,"_value":0},{"_time":97.5,"_type":8,"_value":0},{"_time":98,"_type":8,"_value":0},{"_time":98.5,"_type":8,"_value":0},{"_time":99,"_type":8,"_value":0},{"_time":99.5,"_type":8,"_value":0},{"_time":100,"_type":8,"_value":0},{"_time":100.5,"_type":8,"_value":0},{"_time":101,"_type":8,"_value":0},{"_time":101.5,"_type":8,"_value":0},{"_time":102,"_type":8,"_value":0},{"_time":102.5,"_type":8,"_value":0},{"_time":103,"_type":8,"_value":0},{"_time":103.25,"_type":8,"_value":0},{"_time":103.75,"_type":8,"_value":0},{"_time":104.5,"_type":8,"_value":0},{"_time":105,"_type":8,"_value":0},{"_time":105.5,"_type":8,"_value":0},{"_time":106,"_type":8,"_value":0},{"_time":106.5,"_type":8,"_value":0},{"_time":107,"_type":8,"_value":0},{"_time":107.5,"_type":8,"_value":0},{"_time":108,"_type":8,"_value":0},{"_time":109.5,"_type":8,"_value":0},{"_time":109.5,"_type":9,"_value":0},{"_time":109.5,"_type":12,"_value":0},{"_time":109.5,"_type":13,"_value":0},{"_time":109.5,"_type":0,"_value":2},{"_time":109.5,"_type":1,"_value":2},{"_time":109.5,"_type":2,"_value":2},{"_time":109.5,"_type":3,"_value":2},{"_time":109.5,"_type":4,"_value":2},{"_time":113.5,"_type":13,"_value":0},{"_time":113.5,"_type":0,"_value":2},{"_time":113.5,"_type":1,"_value":2},{"_time":113.5,"_type":3,"_value":2},{"_time":113.5,"_type":2,"_value":2},{"_time":113.5,"_type":4,"_value":2},{"_time":113.5,"_type":8,"_value":0},{"_time":113.5,"_type":9,"_value":0},{"_time":113.5,"_type":12,"_value":0},{"_time":118,"_type":8,"_value":0},{"_time":118.5,"_type":8,"_value":0},{"_time":119,"_type":8,"_value":0},{"_time":119.5,"_type":8,"_value":0},{"_time":120,"_type":8,"_value":0},{"_time":120.5,"_type":8,"_value":0},{"_time":121,"_type":8,"_value":0},{"_time":121.5,"_type":8,"_value":0},{"_time":122,"_type":8,"_value":0},{"_time":122.5,"_type":8,"_value":0},{"_time":123,"_type":8,"_value":0},{"_time":123.5,"_type":8,"_value":0},{"_time":124,"_type":8,"_value":0},{"_time":124.5,"_type":8,"_value":0},{"_time":125,"_type":8,"_value":0},{"_time":125.5,"_type":8,"_value":0},{"_time":126,"_type":8,"_value":0},{"_time":126.5,"_type":8,"_value":0},{"_time":127,"_type":8,"_value":0},{"_time":127.5,"_type":8,"_value":0},{"_time":128,"_type":8,"_value":0},{"_time":128.5,"_type":8,"_value":0},{"_time":129,"_type":8,"_value":0},{"_time":129.5,"_type":8,"_value":0},{"_time":130,"_type":8,"_value":0},{"_time":130.5,"_type":8,"_value":0},{"_time":131,"_type":8,"_value":0},{"_time":131.5,"_type":8,"_value":0},{"_time":132,"_type":1,"_value":0},{"_time":132,"_type":8,"_value":0},{"_time":132.5,"_type":8,"_value":0},{"_time":133,"_type":8,"_value":0},{"_time":133.5,"_type":8,"_value":0},{"_time":134,"_type":8,"_value":0},{"_time":134.5,"_type":8,"_value":0},{"_time":135,"_type":8,"_value":0},{"_time":135.5,"_type":8,"_value":0},{"_time":136,"_type":8,"_value":0},{"_time":136.5,"_type":8,"_value":0},{"_time":137,"_type":8,"_value":0},{"_time":137.5,"_type":8,"_value":0},{"_time":138,"_type":8,"_value":0},{"_time":141.75,"_type":1,"_value":2},{"_time":141.75,"_type":2,"_value":2},{"_time":141.75,"_type":3,"_value":2},{"_time":141.75,"_type":4,"_value":2},{"_time":141.75,"_type":8,"_value":0},{"_time":141.75,"_type":9,"_value":0},{"_time":141.75,"_type":12,"_value":0},{"_time":141.75,"_type":13,"_value":0},{"_time":141.75,"_type":0,"_value":2},{"_time":146,"_type":0,"_value":2},{"_time":146,"_type":3,"_value":2},{"_time":146,"_type":1,"_value":2},{"_time":146,"_type":2,"_value":2},{"_time":146,"_type":4,"_value":2},{"_time":146,"_type":8,"_value":0},{"_time":146,"_type":9,"_value":0},{"_time":146,"_type":12,"_value":0},{"_time":146,"_type":13,"_value":0},{"_time":149.5,"_type":8,"_value":0},{"_time":150,"_type":8,"_value":0},{"_time":150.5,"_type":8,"_value":0},{"_time":151,"_type":8,"_value":0},{"_time":151.5,"_type":8,"_value":0},{"_time":152,"_type":8,"_value":0},{"_time":152.5,"_type":8,"_value":0},{"_time":153,"_type":8,"_value":0},{"_time":153.5,"_type":8,"_value":0},{"_time":154,"_type":8,"_value":0},{"_time":154.5,"_type":8,"_value":0},{"_time":155,"_type":8,"_value":0},{"_time":155.5,"_type":8,"_value":0},{"_time":156,"_type":8,"_value":0},{"_time":157.5,"_type":9,"_value":0},{"_time":157.5,"_type":12,"_value":0},{"_time":157.5,"_type":13,"_value":0},{"_time":157.5,"_type":8,"_value":0},{"_time":157.5,"_type":3,"_value":2},{"_time":157.5,"_type":2,"_value":2},{"_time":157.5,"_type":1,"_value":2},{"_time":157.5,"_type":0,"_value":2},{"_time":157.5,"_type":4,"_value":2},{"_time":158.75,"_type":2,"_value":2},{"_time":158.75,"_type":0,"_value":2},{"_time":158.75,"_type":1,"_value":2},{"_time":158.75,"_type":13,"_value":0},{"_time":158.75,"_type":12,"_value":0},{"_time":158.75,"_type":9,"_value":0},{"_time":158.75,"_type":8,"_value":0},{"_time":158.75,"_type":4,"_value":2},{"_time":158.75,"_type":3,"_value":2},{"_time":159.25,"_type":8,"_value":0},{"_time":160.75,"_type":8,"_value":0},{"_time":161.75,"_type":2,"_value":2},{"_time":161.75,"_type":1,"_value":2},{"_time":161.75,"_type":0,"_value":2},{"_time":161.75,"_type":8,"_value":0},{"_time":161.75,"_type":13,"_value":0},{"_time":161.75,"_type":12,"_value":0},{"_time":161.75,"_type":9,"_value":0},{"_time":161.75,"_type":4,"_value":2},{"_time":161.75,"_type":3,"_value":2},{"_time":162.75,"_type":12,"_value":0},{"_time":162.75,"_type":13,"_value":0},{"_time":162.75,"_type":8,"_value":0},{"_time":162.75,"_type":0,"_value":2},{"_time":162.75,"_type":1,"_value":2},{"_time":162.75,"_type":2,"_value":2},{"_time":162.75,"_type":3,"_value":2},{"_time":162.75,"_type":4,"_value":2},{"_time":162.75,"_type":9,"_value":0},{"_time":163.75,"_type":0,"_value":2},{"_time":163.75,"_type":2,"_value":2},{"_time":163.75,"_type":8,"_value":0},{"_time":163.75,"_type":13,"_value":0},{"_time":163.75,"_type":9,"_value":0},{"_time":163.75,"_type":12,"_value":0},{"_time":163.75,"_type":4,"_value":2},{"_time":163.75,"_type":3,"_value":2},{"_time":163.75,"_type":1,"_value":2},{"_time":164.75,"_type":8,"_value":0},{"_time":165.75,"_type":9,"_value":0},{"_time":165.75,"_type":12,"_value":0},{"_time":165.75,"_type":13,"_value":0},{"_time":165.75,"_type":3,"_value":2},{"_time":165.75,"_type":0,"_value":2},{"_time":165.75,"_type":1,"_value":2},{"_time":165.75,"_type":2,"_value":2},{"_time":165.75,"_type":4,"_value":2},{"_time":165.75,"_type":8,"_value":0},{"_time":166.75,"_type":8,"_value":0},{"_time":167.75,"_type":1,"_value":2},{"_time":167.75,"_type":0,"_value":2},{"_time":167.75,"_type":2,"_value":2},{"_time":167.75,"_type":8,"_value":0},{"_time":167.75,"_type":13,"_value":0},{"_time":167.75,"_type":12,"_value":0},{"_time":167.75,"_type":9,"_value":0},{"_time":167.75,"_type":4,"_value":2},{"_time":167.75,"_type":3,"_value":2},{"_time":168.75,"_type":8,"_value":0},{"_time":169.75,"_type":1,"_value":2},{"_time":169.75,"_type":0,"_value":2},{"_time":169.75,"_type":2,"_value":2},{"_time":169.75,"_type":9,"_value":0},{"_time":169.75,"_type":13,"_value":0},{"_time":169.75,"_type":12,"_value":0},{"_time":169.75,"_type":8,"_value":0},{"_time":169.75,"_type":4,"_value":2},{"_time":169.75,"_type":3,"_value":2},{"_time":170.75,"_type":3,"_value":2},{"_time":170.75,"_type":9,"_value":0},{"_time":170.75,"_type":2,"_value":2},{"_time":170.75,"_type":13,"_value":0},{"_time":170.75,"_type":12,"_value":0},{"_time":170.75,"_type":8,"_value":0},{"_time":170.75,"_type":4,"_value":2},{"_time":170.75,"_type":1,"_value":2},{"_time":170.75,"_type":0,"_value":2},{"_time":171.75,"_type":9,"_value":0},{"_time":171.75,"_type":12,"_value":0},{"_time":171.75,"_type":13,"_value":0},{"_time":171.75,"_type":0,"_value":2},{"_time":171.75,"_type":1,"_value":2},{"_time":171.75,"_type":2,"_value":2},{"_time":171.75,"_type":3,"_value":2},{"_time":171.75,"_type":4,"_value":2},{"_time":171.75,"_type":8,"_value":0},{"_time":172.75,"_type":8,"_value":0},{"_time":174.75,"_type":3,"_value":2},{"_time":174.75,"_type":2,"_value":2},{"_time":174.75,"_type":1,"_value":2},{"_time":174.75,"_type":13,"_value":0},{"_time":174.75,"_type":12,"_value":0},{"_time":174.75,"_type":0,"_value":2},{"_time":174.75,"_type":8,"_value":0},{"_time":174.75,"_type":4,"_value":2},{"_time":174.75,"_type":9,"_value":0},{"_time":177,"_type":8,"_value":0},{"_time":177.5,"_type":2,"_value":2},{"_time":177.5,"_type":3,"_value":2},{"_time":177.5,"_type":9,"_value":0},{"_time":177.5,"_type":8,"_value":0},{"_time":177.5,"_type":13,"_value":0},{"_time":177.5,"_type":12,"_value":0},{"_time":177.5,"_type":4,"_value":2},{"_time":177.5,"_type":0,"_value":2},{"_time":177.5,"_type":1,"_value":2},{"_time":179.5,"_type":0,"_value":2},{"_time":179.5,"_type":2,"_value":2},{"_time":179.5,"_type":12,"_value":0},{"_time":179.5,"_type":13,"_value":0},{"_time":179.5,"_type":4,"_value":2},{"_time":179.5,"_type":8,"_value":0},{"_time":179.5,"_type":3,"_value":2},{"_time":179.5,"_type":1,"_value":2},{"_time":180.5,"_type":13,"_value":0},{"_time":180.5,"_type":4,"_value":2},{"_time":180.5,"_type":2,"_value":2},{"_time":180.5,"_type":9,"_value":0},{"_time":180.5,"_type":3,"_value":2},{"_time":180.5,"_type":12,"_value":0},{"_time":180.5,"_type":8,"_value":0},{"_time":180.5,"_type":0,"_value":2},{"_time":181.5,"_type":2,"_value":2},{"_time":181.5,"_type":0,"_value":2},{"_time":181.5,"_type":1,"_value":2},{"_time":181.5,"_type":8,"_value":0},{"_time":181.5,"_type":13,"_value":0},{"_time":181.5,"_type":12,"_value":0},{"_time":181.5,"_type":9,"_value":0},{"_time":181.5,"_type":4,"_value":2},{"_time":181.5,"_type":3,"_value":2},{"_time":185,"_type":8,"_value":0},{"_time":185.25,"_type":8,"_value":0},{"_time":186.25,"_type":9,"_value":0},{"_time":186.25,"_type":13,"_value":0},{"_time":186.25,"_type":12,"_value":0},{"_time":186.25,"_type":8,"_value":0},{"_time":186.25,"_type":4,"_value":2},{"_time":186.25,"_type":2,"_value":2},{"_time":186.25,"_type":1,"_value":2},{"_time":186.25,"_type":0,"_value":2},{"_time":187,"_type":3,"_value":2},{"_time":187,"_type":1,"_value":2},{"_time":187,"_type":0,"_value":2},{"_time":187,"_type":12,"_value":0},{"_time":187,"_type":9,"_value":0},{"_time":187.5,"_type":8,"_value":0},{"_time":187.5,"_type":3,"_value":2},{"_time":187.5,"_type":2,"_value":2},{"_time":187.5,"_type":9,"_value":0},{"_time":188.5,"_type":8,"_value":0},{"_time":188.5,"_type":9,"_value":0},{"_time":189.5,"_type":8,"_value":0},{"_time":190.5,"_type":8,"_value":0},{"_time":190.5,"_type":2,"_value":2},{"_time":190.5,"_type":1,"_value":2},{"_time":190.5,"_type":9,"_value":0},{"_time":190.75,"_type":9,"_value":0},{"_time":191,"_type":3,"_value":2},{"_time":191,"_type":8,"_value":0},{"_time":191.25,"_type":2,"_value":2},{"_time":192.5,"_type":12,"_value":0},{"_time":192.75,"_type":4,"_value":2},{"_time":193,"_type":3,"_value":2},{"_time":193.25,"_type":4,"_value":2},{"_time":193.25,"_type":3,"_value":2},{"_time":193.75,"_type":3,"_value":2},{"_time":196.25,"_type":8,"_value":0},{"_time":196.5,"_type":4,"_value":2},{"_time":197.5,"_type":4,"_value":2},{"_time":200.5,"_type":8,"_value":0},{"_time":201,"_type":0,"_value":0},{"_time":201.25,"_type":8,"_value":0},{"_time":204.25,"_type":8,"_value":0},{"_time":205.5,"_type":8,"_value":0},{"_time":207,"_type":8,"_value":0},{"_time":208.5,"_type":8,"_value":0},{"_time":213.25,"_type":8,"_value":0},{"_time":214.25,"_type":8,"_value":0},{"_time":214.75,"_type":8,"_value":0},{"_time":216.25,"_type":8,"_value":0},{"_time":216.75,"_type":8,"_value":0},{"_time":217.25,"_type":8,"_value":0},{"_time":221,"_type":8,"_value":0},{"_time":221.5,"_type":8,"_value":0},{"_time":222,"_type":8,"_value":0},{"_time":222.5,"_type":8,"_value":0},{"_time":223,"_type":8,"_value":0},{"_time":223.5,"_type":8,"_value":0},{"_time":224,"_type":8,"_value":0},{"_time":224.5,"_type":8,"_value":0},{"_time":225,"_type":8,"_value":0},{"_time":225.5,"_type":8,"_value":0},{"_time":226,"_type":8,"_value":0},{"_time":226.5,"_type":8,"_value":0},{"_time":227,"_type":8,"_value":0},{"_time":227.5,"_type":8,"_value":0},{"_time":228,"_type":8,"_value":0},{"_time":228.5,"_type":8,"_value":0},{"_time":229,"_type":8,"_value":0},{"_time":229.5,"_type":8,"_value":0},{"_time":230,"_type":8,"_value":0},{"_time":230.5,"_type":8,"_value":0},{"_time":231,"_type":8,"_value":0},{"_time":231.5,"_type":8,"_value":0},{"_time":232,"_type":8,"_value":0},{"_time":232.5,"_type":8,"_value":0},{"_time":233,"_type":8,"_value":0},{"_time":233.5,"_type":8,"_value":0},{"_time":234,"_type":8,"_value":0},{"_time":234.5,"_type":8,"_value":0},{"_time":235,"_type":8,"_value":0},{"_time":235.5,"_type":8,"_value":0},{"_time":236,"_type":8,"_value":0},{"_time":236.5,"_type":8,"_value":0},{"_time":237,"_type":8,"_value":0},{"_time":237.5,"_type":8,"_value":0},{"_time":238,"_type":8,"_value":0},{"_time":238.5,"_type":8,"_value":0},{"_time":239,"_type":8,"_value":0},{"_time":239.5,"_type":8,"_value":0},{"_time":240,"_type":8,"_value":0},{"_time":240.5,"_type":8,"_value":0},{"_time":241,"_type":8,"_value":0},{"_time":241.5,"_type":8,"_value":0},{"_time":242,"_type":8,"_value":0},{"_time":242.5,"_type":8,"_value":0},{"_time":242.5,"_type":12,"_value":0},{"_time":243,"_type":8,"_value":0},{"_time":243.5,"_type":8,"_value":0},{"_time":244,"_type":8,"_value":0},{"_time":244.5,"_type":8,"_value":0},{"_time":245,"_type":8,"_value":0},{"_time":245.5,"_type":8,"_value":0},{"_time":246,"_type":8,"_value":0},{"_time":246.5,"_type":8,"_value":0},{"_time":248.5,"_type":8,"_value":0},{"_time":257,"_type":8,"_value":0},{"_time":258.25,"_type":8,"_value":0},{"_time":260.75,"_type":8,"_value":0},{"_time":261.25,"_type":8,"_value":0},{"_time":261.75,"_type":8,"_value":0},{"_time":262.25,"_type":8,"_value":0},{"_time":262.75,"_type":8,"_value":0},{"_time":263.25,"_type":8,"_value":0},{"_time":263.75,"_type":8,"_value":0},{"_time":264.25,"_type":8,"_value":0},{"_time":264.75,"_type":8,"_value":0},{"_time":265.25,"_type":8,"_value":0},{"_time":265.75,"_type":8,"_value":0},{"_time":266.25,"_type":8,"_value":0},{"_time":266.75,"_type":8,"_value":0},{"_time":267.25,"_type":8,"_value":0},{"_time":267.75,"_type":8,"_value":0},{"_time":268.25,"_type":8,"_value":0},{"_time":268.75,"_type":8,"_value":0},{"_time":269.25,"_type":8,"_value":0},{"_time":269.75,"_type":8,"_value":0},{"_time":270.25,"_type":8,"_value":0},{"_time":270.75,"_type":8,"_value":0},{"_time":271.25,"_type":8,"_value":0},{"_time":271.75,"_type":8,"_value":0},{"_time":272.25,"_type":8,"_value":0},{"_time":272.75,"_type":8,"_value":0},{"_time":273.25,"_type":8,"_value":0},{"_time":273.75,"_type":8,"_value":0},{"_time":274.25,"_type":8,"_value":0},{"_time":274.75,"_type":8,"_value":0},{"_time":275.25,"_type":8,"_value":0},{"_time":275.75,"_type":8,"_value":0},{"_time":276.25,"_type":8,"_value":0},{"_time":276.75,"_type":8,"_value":0},{"_time":277.25,"_type":8,"_value":0},{"_time":277.75,"_type":8,"_value":0},{"_time":278.25,"_type":8,"_value":0},{"_time":278.75,"_type":8,"_value":0},{"_time":279.25,"_type":8,"_value":0},{"_time":279.75,"_type":8,"_value":0},{"_time":280.25,"_type":8,"_value":0},{"_time":280.75,"_type":8,"_value":0},{"_time":281.25,"_type":8,"_value":0},{"_time":281.75,"_type":8,"_value":0},{"_time":282.25,"_type":8,"_value":0},{"_time":282.75,"_type":8,"_value":0},{"_time":283.25,"_type":8,"_value":0},{"_time":283.75,"_type":8,"_value":0},{"_time":284.25,"_type":8,"_value":0},{"_time":284.75,"_type":8,"_value":0},{"_time":285.25,"_type":8,"_value":0},{"_time":285.75,"_type":8,"_value":0},{"_time":286.25,"_type":8,"_value":0},{"_time":286.75,"_type":8,"_value":0},{"_time":287.25,"_type":8,"_value":0},{"_time":287.75,"_type":8,"_value":0},{"_time":288.25,"_type":8,"_value":0},{"_time":288.75,"_type":8,"_value":0},{"_time":289.25,"_type":8,"_value":0},{"_time":289.75,"_type":8,"_value":0},{"_time":290.25,"_type":8,"_value":0},{"_time":290.75,"_type":8,"_value":0},{"_time":291.25,"_type":8,"_value":0},{"_time":291.75,"_type":8,"_value":0},{"_time":292.25,"_type":8,"_value":0},{"_time":292.5,"_type":8,"_value":0},{"_time":293.75,"_type":8,"_value":0},{"_time":294.25,"_type":8,"_value":0},{"_time":295.5,"_type":8,"_value":0},{"_time":296,"_type":8,"_value":0},{"_time":296.5,"_type":8,"_value":0},{"_time":297.5,"_type":8,"_value":0},{"_time":298.5,"_type":8,"_value":0},{"_time":299.5,"_type":8,"_value":0},{"_time":300,"_type":8,"_value":0},{"_time":300.5,"_type":8,"_value":0},{"_time":301.5,"_type":8,"_value":0},{"_time":302.5,"_type":8,"_value":0},{"_time":303.5,"_type":8,"_value":0},{"_time":304,"_type":8,"_value":0},{"_time":304.75,"_type":8,"_value":0},{"_time":305.5,"_type":8,"_value":0},{"_time":306.75,"_type":8,"_value":0},{"_time":307.75,"_type":8,"_value":0},{"_time":308,"_type":8,"_value":0},{"_time":308.5,"_type":8,"_value":0},{"_time":309.5,"_type":8,"_value":0},{"_time":310,"_type":8,"_value":0},{"_time":311.5,"_type":8,"_value":0},{"_time":312.5,"_type":8,"_value":0},{"_time":313.75,"_type":8,"_value":0},{"_time":314.5,"_type":8,"_value":0},{"_time":315.5,"_type":8,"_value":0},{"_time":316.5,"_type":8,"_value":0},{"_time":320,"_type":8,"_value":0},{"_time":320.25,"_type":8,"_value":0},{"_time":321,"_type":8,"_value":0},{"_time":322,"_type":8,"_value":0},{"_time":322.5,"_type":8,"_value":0},{"_time":323.5,"_type":8,"_value":0},{"_time":324.5,"_type":8,"_value":0},{"_time":325.5,"_type":8,"_value":0},{"_time":326.25,"_type":8,"_value":0},{"_time":327.5,"_type":8,"_value":0},{"_time":328,"_type":8,"_value":0},{"_time":328.5,"_type":8,"_value":0},{"_time":331.5,"_type":8,"_value":0},{"_time":332.25,"_type":8,"_value":0},{"_time":332.5,"_type":8,"_value":0},{"_time":333.5,"_type":8,"_value":0},{"_time":334,"_type":8,"_value":0},{"_time":335.5,"_type":8,"_value":0},{"_time":336.5,"_type":8,"_value":0},{"_time":340.25,"_type":8,"_value":0},{"_time":341.5,"_type":8,"_value":0},{"_time":342,"_type":8,"_value":0},{"_time":343.25,"_type":8,"_value":0},{"_time":344.5,"_type":8,"_value":0},{"_time":344.75,"_type":8,"_value":0},{"_time":348.25,"_type":8,"_value":0},{"_time":349.25,"_type":8,"_value":0},{"_time":349.75,"_type":8,"_value":0},{"_time":351.25,"_type":8,"_value":0},{"_time":351.75,"_type":8,"_value":0},{"_time":352.25,"_type":8,"_value":0},{"_time":356.25,"_type":8,"_value":0},{"_time":357.5,"_type":8,"_value":0},{"_time":359,"_type":8,"_value":0},{"_time":363.25,"_type":8,"_value":0},{"_time":364,"_type":8,"_value":0},{"_time":364.25,"_type":8,"_value":0},{"_time":365,"_type":8,"_value":0},{"_time":366,"_type":8,"_value":0},{"_time":366.25,"_type":8,"_value":0},{"_time":367,"_type":8,"_value":0},{"_time":367.5,"_type":8,"_value":0},{"_time":368,"_type":8,"_value":0},{"_time":369,"_type":8,"_value":0},{"_time":370,"_type":8,"_value":0},{"_time":371,"_type":8,"_value":0},{"_time":371.75,"_type":8,"_value":0},{"_time":372,"_type":8,"_value":0},{"_time":372.25,"_type":8,"_value":0},{"_time":372.5,"_type":8,"_value":0},{"_time":373,"_type":8,"_value":0},{"_time":373.5,"_type":8,"_value":0},{"_time":374,"_type":8,"_value":0},{"_time":375,"_type":8,"_value":0},{"_time":375.5,"_type":8,"_value":0},{"_time":376,"_type":8,"_value":0},{"_time":377,"_type":8,"_value":0},{"_time":380,"_type":8,"_value":0},{"_time":380.5,"_type":8,"_value":0},{"_time":381,"_type":8,"_value":0},{"_time":381.25,"_type":8,"_value":0},{"_time":382,"_type":8,"_value":0},{"_time":383,"_type":8,"_value":0},{"_time":383.5,"_type":8,"_value":0},{"_time":383.75,"_type":8,"_value":0},{"_time":384.5,"_type":8,"_value":0},{"_time":385,"_type":8,"_value":0},{"_time":387,"_type":8,"_value":0},{"_time":387.25,"_type":8,"_value":0},{"_time":388,"_type":8,"_value":0},{"_time":388.5,"_type":8,"_value":0},{"_time":389,"_type":8,"_value":0},{"_time":389.25,"_type":8,"_value":0},{"_time":390.5,"_type":8,"_value":0},{"_time":390.75,"_type":8,"_value":0},{"_time":391.75,"_type":8,"_value":0},{"_time":392.75,"_type":8,"_value":0},{"_time":393.75,"_type":8,"_value":0},{"_time":394.75,"_type":8,"_value":0},{"_time":395.25,"_type":8,"_value":0},{"_time":395.5,"_type":8,"_value":0},{"_time":396,"_type":8,"_value":0},{"_time":396.25,"_type":8,"_value":0},{"_time":396.75,"_type":8,"_value":0},{"_time":397,"_type":8,"_value":0},{"_time":397.25,"_type":8,"_value":0},{"_time":397.5,"_type":8,"_value":0},{"_time":407.5,"_type":8,"_value":0},{"_time":411.5,"_type":8,"_value":0},{"_time":412.25,"_type":8,"_value":0},{"_time":412.75,"_type":0,"_value":0},{"_time":412.75,"_type":8,"_value":0},{"_time":413.5,"_type":8,"_value":0},{"_time":414.25,"_type":8,"_value":0},{"_time":414.75,"_type":8,"_value":0},{"_time":415.5,"_type":8,"_value":0},{"_time":416.25,"_type":8,"_value":0},{"_time":417.5,"_type":8,"_value":0},{"_time":418,"_type":8,"_value":0},{"_time":418.5,"_type":8,"_value":0},{"_time":421.5,"_type":8,"_value":0},{"_time":422,"_type":8,"_value":0},{"_time":422.5,"_type":8,"_value":0},{"_time":423.5,"_type":8,"_value":0},{"_time":424,"_type":8,"_value":0},{"_time":425.5,"_type":8,"_value":0},{"_time":426,"_type":8,"_value":0},{"_time":426.5,"_type":8,"_value":0},{"_time":429.75,"_type":8,"_value":0},{"_time":430.25,"_type":8,"_value":0},{"_time":431,"_type":8,"_value":0},{"_time":431.5,"_type":8,"_value":0},{"_time":433,"_type":8,"_value":0},{"_time":433.5,"_type":8,"_value":0},{"_time":434.25,"_type":8,"_value":0},{"_time":438.25,"_type":8,"_value":0},{"_time":439.25,"_type":8,"_value":0},{"_time":439.75,"_type":8,"_value":0},{"_time":441.25,"_type":8,"_value":0},{"_time":441.75,"_type":8,"_value":0},{"_time":442.25,"_type":8,"_value":0},{"_time":445.5,"_type":8,"_value":0},{"_time":446,"_type":8,"_value":0},{"_time":447,"_type":8,"_value":0},{"_time":447.5,"_type":8,"_value":0},{"_time":448,"_type":8,"_value":0},{"_time":452.75,"_type":8,"_value":0},{"_time":453.75,"_type":8,"_value":0},{"_time":454.25,"_type":8,"_value":0},{"_time":454.75,"_type":8,"_value":0},{"_time":455.25,"_type":8,"_value":0},{"_time":456.75,"_type":8,"_value":0},{"_time":457.25,"_type":8,"_value":0},{"_time":457.75,"_type":8,"_value":0},{"_time":460.75,"_type":8,"_value":0},{"_time":461.25,"_type":8,"_value":0},{"_time":462.25,"_type":8,"_value":0},{"_time":462.75,"_type":8,"_value":0},{"_time":464.25,"_type":8,"_value":0},{"_time":464.5,"_type":8,"_value":0},{"_time":465,"_type":8,"_value":0},{"_time":469.5,"_type":8,"_value":0},{"_time":470,"_type":8,"_value":0},{"_time":470.5,"_type":8,"_value":0},{"_time":471.5,"_type":8,"_value":0},{"_time":472,"_type":8,"_value":0},{"_time":472.5,"_type":8,"_value":0}],"_notes":[{"_time":44.375,"_lineIndex":0,"_lineLayer":0,"_type":0,"_cutDirection":0},{"_time":45,"_lineIndex":2,"_lineLayer":0,"_type":1,"_cutDirection":0},{"_time":46,"_lineIndex":0,"_lineLayer":0,"_type":0,"_cutDirection":2},{"_time":47,"_lineIndex":3,"_lineLayer":0,"_type":1,"_cutDirection":3},{"_time":49.5,"_lineIndex":1,"_lineLayer":0,"_type":0,"_cutDirection":0},{"_time":50,"_lineIndex":2,"_lineLayer":0,"_type":1,"_cutDirection":0},{"_time":50.5,"_lineIndex":0,"_lineLayer":0,"_type":0,"_cutDirection":2},{"_time":51,"_lineIndex":3,"_lineLayer":0,"_type":1,"_cutDirection":3},{"_time":53.5,"_lineIndex":1,"_lineLayer":0,"_type":0,"_cutDirection":0},{"_time":54,"_lineIndex":2,"_lineLayer":0,"_type":1,"_cutDirection":0},{"_time":54.5,"_lineIndex":0,"_lineLayer":0,"_type":0,"_cutDirection":2},{"_time":55,"_lineIndex":3,"_lineLayer":0,"_type":1,"_cutDirection":3},{"_time":57.5,"_lineIndex":1,"_lineLayer":0,"_type":0,"_cutDirection":0},{"_time":58,"_lineIndex":2,"_lineLayer":0,"_type":1,"_cutDirection":0},{"_time":58.5,"_lineIndex":0,"_lineLayer":0,"_type":0,"_cutDirection":2},{"_time":59,"_lineIndex":3,"_lineLayer":0,"_type":1,"_cutDirection":3},{"_time":61.5,"_lineIndex":1,"_lineLayer":0,"_type":0,"_cutDirection":0},{"_time":62,"_lineIndex":2,"_lineLayer":0,"_type":1,"_cutDirection":0},{"_time":62.5,"_lineIndex":0,"_lineLayer":0,"_type":0,"_cutDirection":2},{"_time":63,"_lineIndex":3,"_lineLayer":0,"_type":1,"_cutDirection":3},{"_time":65.5,"_lineIndex":1,"_lineLayer":0,"_type":0,"_cutDirection":0},{"_time":66,"_lineIndex":2,"_lineLayer":0,"_type":1,"_cutDirection":0},{"_time":66.5,"_lineIndex":0,"_lineLayer":0,"_type":0,"_cutDirection":2},{"_time":67,"_lineIndex":3,"_lineLayer":0,"_type":1,"_cutDirection":3},{"_time":69.5,"_lineIndex":1,"_lineLayer":0,"_type":0,"_cutDirection":0},{"_time":70,"_lineIndex":2,"_lineLayer":0,"_type":1,"_cutDirection":0},{"_time":70.5,"_lineIndex":0,"_lineLayer":0,"_type":0,"_cutDirection":2},{"_time":71,"_lineIndex":3,"_lineLayer":0,"_type":1,"_cutDirection":3},{"_time":73.5,"_lineIndex":1,"_lineLayer":0,"_type":0,"_cutDirection":0},{"_time":74,"_lineIndex":2,"_lineLayer":0,"_type":1,"_cutDirection":0},{"_time":74.5,"_lineIndex":0,"_lineLayer":0,"_type":0,"_cutDirection":2},{"_time":75,"_lineIndex":3,"_lineLayer":0,"_type":1,"_cutDirection":3},{"_time":77.5,"_lineIndex":1,"_lineLayer":0,"_type":0,"_cutDirection":0},{"_time":78,"_lineIndex":2,"_lineLayer":0,"_type":1,"_cutDirection":0},{"_time":78.5,"_lineIndex":0,"_lineLayer":0,"_type":0,"_cutDirection":2},{"_time":79,"_lineIndex":3,"_lineLayer":0,"_type":1,"_cutDirection":3},{"_time":81.5,"_lineIndex":1,"_lineLayer":0,"_type":0,"_cutDirection":0},{"_time":82,"_lineIndex":2,"_lineLayer":0,"_type":1,"_cutDirection":0},{"_time":82.5,"_lineIndex":0,"_lineLayer":0,"_type":0,"_cutDirection":2},{"_time":83,"_lineIndex":3,"_lineLayer":0,"_type":1,"_cutDirection":3},{"_time":85.5,"_lineIndex":1,"_lineLayer":0,"_type":0,"_cutDirection":0},{"_time":86,"_lineIndex":2,"_lineLayer":0,"_type":1,"_cutDirection":0},{"_time":86.5,"_lineIndex":0,"_lineLayer":0,"_type":0,"_cutDirection":2},{"_time":87,"_lineIndex":3,"_lineLayer":0,"_type":1,"_cutDirection":3},{"_time":89.5,"_lineIndex":1,"_lineLayer":0,"_type":0,"_cutDirection":0},{"_time":90,"_lineIndex":2,"_lineLayer":0,"_type":1,"_cutDirection":0},{"_time":90.5,"_lineIndex":0,"_lineLayer":0,"_type":0,"_cutDirection":2},{"_time":91,"_lineIndex":3,"_lineLayer":0,"_type":1,"_cutDirection":3},{"_time":93.5,"_lineIndex":1,"_lineLayer":0,"_type":0,"_cutDirection":0},{"_time":94,"_lineIndex":2,"_lineLayer":0,"_type":1,"_cutDirection":0},{"_time":94.5,"_lineIndex":0,"_lineLayer":0,"_type":0,"_cutDirection":2},{"_time":95,"_lineIndex":3,"_lineLayer":0,"_type":1,"_cutDirection":3},{"_time":97.5,"_lineIndex":1,"_lineLayer":0,"_type":0,"_cutDirection":0},{"_time":98,"_lineIndex":2,"_lineLayer":0,"_type":1,"_cutDirection":0},{"_time":98.5,"_lineIndex":0,"_lineLayer":0,"_type":0,"_cutDirection":2},{"_time":99,"_lineIndex":3,"_lineLayer":0,"_type":1,"_cutDirection":3},{"_time":101.5,"_lineIndex":1,"_lineLayer":0,"_type":0,"_cutDirection":0},{"_time":102,"_lineIndex":2,"_lineLayer":0,"_type":1,"_cutDirection":0},{"_time":102.5,"_lineIndex":0,"_lineLayer":0,"_type":0,"_cutDirection":2},{"_time":103,"_lineIndex":3,"_lineLayer":0,"_type":1,"_cutDirection":3},{"_time":105.5,"_lineIndex":1,"_lineLayer":0,"_type":0,"_cutDirection":0},{"_time":106,"_lineIndex":2,"_lineLayer":0,"_type":1,"_cutDirection":0},{"_time":106.5,"_lineIndex":0,"_lineLayer":0,"_type":0,"_cutDirection":2},{"_time":107,"_lineIndex":3,"_lineLayer":0,"_type":1,"_cutDirection":3},{"_time":109.5,"_lineIndex":1,"_lineLayer":0,"_type":1,"_cutDirection":1},{"_time":109.5,"_lineIndex":0,"_lineLayer":0,"_type":0,"_cutDirection":1},{"_time":113.5,"_lineIndex":3,"_lineLayer":1,"_type":0,"_cutDirection":3},{"_time":113.5,"_lineIndex":3,"_lineLayer":0,"_type":1,"_cutDirection":3},{"_time":118,"_lineIndex":0,"_lineLayer":0,"_type":0,"_cutDirection":2},{"_time":121,"_lineIndex":1,"_lineLayer":0,"_type":0,"_cutDirection":0},{"_time":121.5,"_lineIndex":2,"_lineLayer":0,"_type":1,"_cutDirection":0},{"_time":122,"_lineIndex":0,"_lineLayer":0,"_type":0,"_cutDirection":2},{"_time":122.5,"_lineIndex":3,"_lineLayer":0,"_type":1,"_cutDirection":3},{"_time":123,"_lineIndex":1,"_lineLayer":0,"_type":0,"_cutDirection":0},{"_time":123.5,"_lineIndex":2,"_lineLayer":0,"_type":1,"_cutDirection":0},{"_time":141.75,"_lineIndex":1,"_lineLayer":0,"_type":1,"_cutDirection":1},{"_time":141.75,"_lineIndex":0,"_lineLayer":0,"_type":0,"_cutDirection":1},{"_time":146,"_lineIndex":3,"_lineLayer":0,"_type":1,"_cutDirection":3},{"_time":146,"_lineIndex":3,"_lineLayer":1,"_type":0,"_cutDirection":3},{"_time":149.5,"_lineIndex":0,"_lineLayer":0,"_type":0,"_cutDirection":2},{"_time":152.5,"_lineIndex":1,"_lineLayer":0,"_type":0,"_cutDirection":0},{"_time":153,"_lineIndex":2,"_lineLayer":0,"_type":1,"_cutDirection":0},{"_time":153.5,"_lineIndex":0,"_lineLayer":0,"_type":0,"_cutDirection":2},{"_time":154,"_lineIndex":3,"_lineLayer":0,"_type":1,"_cutDirection":3},{"_time":154.5,"_lineIndex":1,"_lineLayer":0,"_type":0,"_cutDirection":0},{"_time":155,"_lineIndex":2,"_lineLayer":0,"_type":1,"_cutDirection":0},{"_time":157.625,"_lineIndex":3,"_lineLayer":0,"_type":1,"_cutDirection":1},{"_time":158.75,"_lineIndex":0,"_lineLayer":0,"_type":1,"_cutDirection":2},{"_time":160.75,"_lineIndex":3,"_lineLayer":0,"_type":1,"_cutDirection":7},{"_time":161.75,"_lineIndex":2,"_lineLayer":0,"_type":1,"_cutDirection":1},{"_time":161.75,"_lineIndex":1,"_lineLayer":0,"_type":0,"_cutDirection":1},{"_time":162.75,"_lineIndex":1,"_lineLayer":0,"_type":0,"_cutDirection":0},{"_time":162.75,"_lineIndex":2,"_lineLayer":0,"_type":1,"_cutDirection":0},{"_time":163.75,"_lineIndex":0,"_lineLayer":0,"_type":0,"_cutDirection":2},{"_time":163.75,"_lineIndex":3,"_lineLayer":0,"_type":1,"_cutDirection":3},{"_time":165.75,"_lineIndex":1,"_lineLayer":0,"_type":0,"_cutDirection":1},{"_time":165.75,"_lineIndex":2,"_lineLayer":0,"_type":1,"_cutDirection":1},{"_time":167.75,"_lineIndex":1,"_lineLayer":0,"_type":0,"_cutDirection":1},{"_time":167.75,"_lineIndex":2,"_lineLayer":0,"_type":1,"_cutDirection":1},{"_time":169.75,"_lineIndex":2,"_lineLayer":0,"_type":1,"_cutDirection":1},{"_time":169.75,"_lineIndex":1,"_lineLayer":0,"_type":0,"_cutDirection":1},{"_time":170.75,"_lineIndex":2,"_lineLayer":0,"_type":1,"_cutDirection":0},{"_time":170.75,"_lineIndex":1,"_lineLayer":0,"_type":0,"_cutDirection":0},{"_time":171.75,"_lineIndex":2,"_lineLayer":0,"_type":1,"_cutDirection":1},{"_time":171.75,"_lineIndex":1,"_lineLayer":0,"_type":0,"_cutDirection":1},{"_time":173.625,"_lineIndex":2,"_lineLayer":0,"_type":1,"_cutDirection":1},{"_time":173.625,"_lineIndex":1,"_lineLayer":0,"_type":0,"_cutDirection":1},{"_time":174.75,"_lineIndex":2,"_lineLayer":0,"_type":1,"_cutDirection":0},{"_time":174.75,"_lineIndex":1,"_lineLayer":0,"_type":0,"_cutDirection":0},{"_time":175.625,"_lineIndex":2,"_lineLayer":0,"_type":1,"_cutDirection":1},{"_time":175.625,"_lineIndex":1,"_lineLayer":0,"_type":0,"_cutDirection":1},{"_time":177.5,"_lineIndex":2,"_lineLayer":0,"_type":1,"_cutDirection":1},{"_time":177.5,"_lineIndex":1,"_lineLayer":0,"_type":0,"_cutDirection":1},{"_time":178.625,"_lineIndex":3,"_lineLayer":0,"_type":1,"_cutDirection":3},{"_time":178.625,"_lineIndex":0,"_lineLayer":0,"_type":0,"_cutDirection":2},{"_time":179.5,"_lineIndex":0,"_lineLayer":0,"_type":0,"_cutDirection":6},{"_time":179.5,"_lineIndex":3,"_lineLayer":0,"_type":1,"_cutDirection":7},{"_time":181.5,"_lineIndex":0,"_lineLayer":0,"_type":0,"_cutDirection":6},{"_time":181.5,"_lineIndex":3,"_lineLayer":0,"_type":1,"_cutDirection":7},{"_time":185,"_lineIndex":2,"_lineLayer":0,"_type":1,"_cutDirection":0},{"_time":185,"_lineIndex":1,"_lineLayer":0,"_type":0,"_cutDirection":0},{"_time":186.25,"_lineIndex":2,"_lineLayer":0,"_type":1,"_cutDirection":1},{"_time":186.25,"_lineIndex":1,"_lineLayer":0,"_type":0,"_cutDirection":1},{"_time":187,"_lineIndex":2,"_lineLayer":0,"_type":1,"_cutDirection":0},{"_time":187,"_lineIndex":1,"_lineLayer":0,"_type":0,"_cutDirection":0},{"_time":187.5,"_lineIndex":2,"_lineLayer":0,"_type":1,"_cutDirection":1},{"_time":187.5,"_lineIndex":1,"_lineLayer":0,"_type":0,"_cutDirection":1},{"_time":191,"_lineIndex":2,"_lineLayer":0,"_type":1,"_cutDirection":3},{"_time":191,"_lineIndex":3,"_lineLayer":0,"_type":1,"_cutDirection":3},{"_time":193,"_lineIndex":1,"_lineLayer":0,"_type":1,"_cutDirection":1},{"_time":193,"_lineIndex":0,"_lineLayer":0,"_type":0,"_cutDirection":1},{"_time":193.5,"_lineIndex":1,"_lineLayer":0,"_type":1,"_cutDirection":0},{"_time":193.5,"_lineIndex":0,"_lineLayer":0,"_type":0,"_cutDirection":0},{"_time":196.5,"_lineIndex":2,"_lineLayer":0,"_type":1,"_cutDirection":3},{"_time":196.5,"_lineIndex":3,"_lineLayer":0,"_type":1,"_cutDirection":3},{"_time":197.5,"_lineIndex":0,"_lineLayer":0,"_type":0,"_cutDirection":1},{"_time":199,"_lineIndex":3,"_lineLayer":0,"_type":1,"_cutDirection":1},{"_time":200.5,"_lineIndex":3,"_lineLayer":0,"_type":1,"_cutDirection":7},{"_time":201.375,"_lineIndex":2,"_lineLayer":0,"_type":0,"_cutDirection":1},{"_time":201.375,"_lineIndex":3,"_lineLayer":0,"_type":1,"_cutDirection":1},{"_time":204.375,"_lineIndex":3,"_lineLayer":0,"_type":1,"_cutDirection":7},{"_time":205.5,"_lineIndex":0,"_lineLayer":1,"_type":0,"_cutDirection":1},{"_time":205.5,"_lineIndex":0,"_lineLayer":0,"_type":0,"_cutDirection":1},{"_time":207,"_lineIndex":2,"_lineLayer":0,"_type":1,"_cutDirection":3},{"_time":207,"_lineIndex":3,"_lineLayer":0,"_type":1,"_cutDirection":3},{"_time":208.875,"_lineIndex":0,"_lineLayer":0,"_type":0,"_cutDirection":1},{"_time":208.875,"_lineIndex":1,"_lineLayer":0,"_type":1,"_cutDirection":1},{"_time":209.375,"_lineIndex":0,"_lineLayer":0,"_type":0,"_cutDirection":0},{"_time":209.375,"_lineIndex":1,"_lineLayer":0,"_type":1,"_cutDirection":0},{"_time":213.25,"_lineIndex":3,"_lineLayer":0,"_type":1,"_cutDirection":3},{"_time":213.25,"_lineIndex":2,"_lineLayer":0,"_type":1,"_cutDirection":3},{"_time":214.75,"_lineIndex":0,"_lineLayer":0,"_type":0,"_cutDirection":1},{"_time":214.75,"_lineIndex":2,"_lineLayer":0,"_type":1,"_cutDirection":1},{"_time":217.25,"_lineIndex":3,"_lineLayer":0,"_type":1,"_cutDirection":1},{"_time":217.25,"_lineIndex":2,"_lineLayer":0,"_type":0,"_cutDirection":1},{"_time":221,"_lineIndex":0,"_lineLayer":0,"_type":0,"_cutDirection":2},{"_time":221.5,"_lineIndex":3,"_lineLayer":0,"_type":1,"_cutDirection":3},{"_time":224,"_lineIndex":1,"_lineLayer":0,"_type":0,"_cutDirection":0},{"_time":224.5,"_lineIndex":2,"_lineLayer":0,"_type":1,"_cutDirection":0},{"_time":225,"_lineIndex":0,"_lineLayer":0,"_type":0,"_cutDirection":2},{"_time":225.5,"_lineIndex":3,"_lineLayer":0,"_type":1,"_cutDirection":3},{"_time":228,"_lineIndex":1,"_lineLayer":0,"_type":0,"_cutDirection":0},{"_time":228.5,"_lineIndex":2,"_lineLayer":0,"_type":1,"_cutDirection":0},{"_time":229,"_lineIndex":0,"_lineLayer":0,"_type":0,"_cutDirection":2},{"_time":229.5,"_lineIndex":3,"_lineLayer":0,"_type":1,"_cutDirection":3},{"_time":232,"_lineIndex":1,"_lineLayer":0,"_type":0,"_cutDirection":0},{"_time":232.5,"_lineIndex":2,"_lineLayer":0,"_type":1,"_cutDirection":0},{"_time":233,"_lineIndex":0,"_lineLayer":0,"_type":0,"_cutDirection":2},{"_time":233.5,"_lineIndex":3,"_lineLayer":0,"_type":1,"_cutDirection":3},{"_time":236,"_lineIndex":1,"_lineLayer":0,"_type":0,"_cutDirection":0},{"_time":236.5,"_lineIndex":2,"_lineLayer":0,"_type":1,"_cutDirection":0},{"_time":237,"_lineIndex":0,"_lineLayer":0,"_type":0,"_cutDirection":2},{"_time":237.5,"_lineIndex":3,"_lineLayer":0,"_type":1,"_cutDirection":3},{"_time":240,"_lineIndex":1,"_lineLayer":0,"_type":0,"_cutDirection":0},{"_time":240.5,"_lineIndex":2,"_lineLayer":0,"_type":1,"_cutDirection":0},{"_time":241,"_lineIndex":0,"_lineLayer":0,"_type":0,"_cutDirection":2},{"_time":241.5,"_lineIndex":3,"_lineLayer":0,"_type":1,"_cutDirection":3},{"_time":244,"_lineIndex":1,"_lineLayer":0,"_type":0,"_cutDirection":0},{"_time":244.5,"_lineIndex":2,"_lineLayer":0,"_type":1,"_cutDirection":0},{"_time":245,"_lineIndex":0,"_lineLayer":0,"_type":0,"_cutDirection":2},{"_time":245.5,"_lineIndex":3,"_lineLayer":0,"_type":1,"_cutDirection":3},{"_time":246,"_lineIndex":1,"_lineLayer":0,"_type":0,"_cutDirection":0},{"_time":246.375,"_lineIndex":3,"_lineLayer":0,"_type":1,"_cutDirection":0},{"_time":248.5,"_lineIndex":3,"_lineLayer":2,"_type":1,"_cutDirection":5},{"_time":254,"_lineIndex":0,"_lineLayer":2,"_type":0,"_cutDirection":4},{"_time":256.875,"_lineIndex":3,"_lineLayer":0,"_type":1,"_cutDirection":1},{"_time":258.25,"_lineIndex":1,"_lineLayer":2,"_type":0,"_cutDirection":0},{"_time":260.75,"_lineIndex":0,"_lineLayer":0,"_type":0,"_cutDirection":2},{"_time":261.25,"_lineIndex":3,"_lineLayer":0,"_type":1,"_cutDirection":3},{"_time":263.75,"_lineIndex":1,"_lineLayer":0,"_type":0,"_cutDirection":0},{"_time":264.25,"_lineIndex":2,"_lineLayer":0,"_type":1,"_cutDirection":0},{"_time":264.75,"_lineIndex":0,"_lineLayer":0,"_type":0,"_cutDirection":2},{"_time":265.25,"_lineIndex":3,"_lineLayer":0,"_type":1,"_cutDirection":3},{"_time":267.75,"_lineIndex":1,"_lineLayer":0,"_type":0,"_cutDirection":0},{"_time":268.25,"_lineIndex":2,"_lineLayer":0,"_type":1,"_cutDirection":0},{"_time":268.75,"_lineIndex":0,"_lineLayer":0,"_type":0,"_cutDirection":2},{"_time":269.25,"_lineIndex":3,"_lineLayer":0,"_type":1,"_cutDirection":3},{"_time":271.75,"_lineIndex":1,"_lineLayer":0,"_type":0,"_cutDirection":0},{"_time":272.25,"_lineIndex":2,"_lineLayer":0,"_type":1,"_cutDirection":0},{"_time":272.75,"_lineIndex":0,"_lineLayer":0,"_type":0,"_cutDirection":2},{"_time":273.25,"_lineIndex":3,"_lineLayer":0,"_type":1,"_cutDirection":3},{"_time":275.75,"_lineIndex":1,"_lineLayer":0,"_type":0,"_cutDirection":0},{"_time":276.25,"_lineIndex":2,"_lineLayer":0,"_type":1,"_cutDirection":0},{"_time":276.75,"_lineIndex":0,"_lineLayer":0,"_type":0,"_cutDirection":2},{"_time":277.25,"_lineIndex":3,"_lineLayer":0,"_type":1,"_cutDirection":3},{"_time":279.75,"_lineIndex":1,"_lineLayer":0,"_type":0,"_cutDirection":0},{"_time":280.25,"_lineIndex":2,"_lineLayer":0,"_type":1,"_cutDirection":0},{"_time":280.75,"_lineIndex":0,"_lineLayer":0,"_type":0,"_cutDirection":2},{"_time":281.25,"_lineIndex":3,"_lineLayer":0,"_type":1,"_cutDirection":3},{"_time":283.75,"_lineIndex":1,"_lineLayer":0,"_type":0,"_cutDirection":0},{"_time":284.25,"_lineIndex":2,"_lineLayer":0,"_type":1,"_cutDirection":0},{"_time":284.75,"_lineIndex":0,"_lineLayer":0,"_type":0,"_cutDirection":2},{"_time":285.25,"_lineIndex":3,"_lineLayer":0,"_type":1,"_cutDirection":3},{"_time":287.75,"_lineIndex":1,"_lineLayer":0,"_type":0,"_cutDirection":0},{"_time":288.25,"_lineIndex":2,"_lineLayer":0,"_type":1,"_cutDirection":0},{"_time":288.75,"_lineIndex":0,"_lineLayer":0,"_type":0,"_cutDirection":2},{"_time":289.25,"_lineIndex":3,"_lineLayer":0,"_type":1,"_cutDirection":3},{"_time":291.75,"_lineIndex":1,"_lineLayer":0,"_type":0,"_cutDirection":0},{"_time":292.25,"_lineIndex":2,"_lineLayer":0,"_type":1,"_cutDirection":0},{"_time":293.75,"_lineIndex":0,"_lineLayer":0,"_type":1,"_cutDirection":2},{"_time":295.625,"_lineIndex":3,"_lineLayer":0,"_type":1,"_cutDirection":7},{"_time":296.625,"_lineIndex":2,"_lineLayer":0,"_type":1,"_cutDirection":1},{"_time":296.625,"_lineIndex":1,"_lineLayer":0,"_type":0,"_cutDirection":1},{"_time":297.625,"_lineIndex":2,"_lineLayer":0,"_type":1,"_cutDirection":0},{"_time":297.625,"_lineIndex":1,"_lineLayer":0,"_type":0,"_cutDirection":0},{"_time":298.625,"_lineIndex":3,"_lineLayer":0,"_type":1,"_cutDirection":3},{"_time":298.625,"_lineIndex":0,"_lineLayer":0,"_type":0,"_cutDirection":2},{"_time":300.625,"_lineIndex":1,"_lineLayer":0,"_type":0,"_cutDirection":1},{"_time":300.625,"_lineIndex":2,"_lineLayer":0,"_type":1,"_cutDirection":1},{"_time":302.625,"_lineIndex":1,"_lineLayer":0,"_type":0,"_cutDirection":1},{"_time":302.625,"_lineIndex":2,"_lineLayer":0,"_type":1,"_cutDirection":1},{"_time":304.75,"_lineIndex":2,"_lineLayer":0,"_type":1,"_cutDirection":1},{"_time":304.75,"_lineIndex":1,"_lineLayer":0,"_type":0,"_cutDirection":1},{"_time":305.625,"_lineIndex":2,"_lineLayer":0,"_type":1,"_cutDirection":0},{"_time":305.625,"_lineIndex":1,"_lineLayer":0,"_type":0,"_cutDirection":0},{"_time":306.625,"_lineIndex":2,"_lineLayer":0,"_type":1,"_cutDirection":1},{"_time":306.625,"_lineIndex":1,"_lineLayer":0,"_type":0,"_cutDirection":1},{"_time":308.625,"_lineIndex":2,"_lineLayer":0,"_type":1,"_cutDirection":1},{"_time":308.625,"_lineIndex":1,"_lineLayer":0,"_type":0,"_cutDirection":1},{"_time":309.625,"_lineIndex":2,"_lineLayer":0,"_type":1,"_cutDirection":0},{"_time":309.625,"_lineIndex":1,"_lineLayer":0,"_type":0,"_cutDirection":0},{"_time":310.125,"_lineIndex":2,"_lineLayer":0,"_type":1,"_cutDirection":1},{"_time":310.125,"_lineIndex":1,"_lineLayer":0,"_type":0,"_cutDirection":1},{"_time":312.625,"_lineIndex":1,"_lineLayer":0,"_type":0,"_cutDirection":1},{"_time":312.625,"_lineIndex":2,"_lineLayer":0,"_type":1,"_cutDirection":1},{"_time":313.75,"_lineIndex":3,"_lineLayer":0,"_type":1,"_cutDirection":3},{"_time":313.75,"_lineIndex":0,"_lineLayer":0,"_type":0,"_cutDirection":2},{"_time":314.625,"_lineIndex":0,"_lineLayer":0,"_type":0,"_cutDirection":6},{"_time":314.625,"_lineIndex":3,"_lineLayer":0,"_type":1,"_cutDirection":7},{"_time":316.625,"_lineIndex":3,"_lineLayer":0,"_type":1,"_cutDirection":7},{"_time":316.625,"_lineIndex":0,"_lineLayer":0,"_type":0,"_cutDirection":6},{"_time":320,"_lineIndex":2,"_lineLayer":0,"_type":1,"_cutDirection":1},{"_time":320,"_lineIndex":1,"_lineLayer":0,"_type":0,"_cutDirection":1},{"_time":321,"_lineIndex":1,"_lineLayer":0,"_type":0,"_cutDirection":1},{"_time":321,"_lineIndex":2,"_lineLayer":0,"_type":1,"_cutDirection":1},{"_time":322,"_lineIndex":1,"_lineLayer":0,"_type":0,"_cutDirection":0},{"_time":322,"_lineIndex":2,"_lineLayer":0,"_type":1,"_cutDirection":0},{"_time":322.5,"_lineIndex":2,"_lineLayer":0,"_type":1,"_cutDirection":1},{"_time":322.5,"_lineIndex":1,"_lineLayer":0,"_type":0,"_cutDirection":1},{"_time":324.5,"_lineIndex":0,"_lineLayer":0,"_type":0,"_cutDirection":1},{"_time":326.125,"_lineIndex":3,"_lineLayer":0,"_type":1,"_cutDirection":3},{"_time":328.125,"_lineIndex":1,"_lineLayer":0,"_type":1,"_cutDirection":1},{"_time":328.125,"_lineIndex":0,"_lineLayer":0,"_type":0,"_cutDirection":1},{"_time":328.625,"_lineIndex":0,"_lineLayer":0,"_type":0,"_cutDirection":0},{"_time":328.625,"_lineIndex":1,"_lineLayer":0,"_type":1,"_cutDirection":0},{"_time":331.5,"_lineIndex":2,"_lineLayer":0,"_type":1,"_cutDirection":3},{"_time":331.5,"_lineIndex":3,"_lineLayer":0,"_type":1,"_cutDirection":3},{"_time":332.5,"_lineIndex":0,"_lineLayer":0,"_type":0,"_cutDirection":1},{"_time":334,"_lineIndex":3,"_lineLayer":0,"_type":1,"_cutDirection":1},{"_time":336.5,"_lineIndex":3,"_lineLayer":0,"_type":1,"_cutDirection":1},{"_time":336.5,"_lineIndex":2,"_lineLayer":0,"_type":0,"_cutDirection":1},{"_time":340.375,"_lineIndex":0,"_lineLayer":0,"_type":0,"_cutDirection":1},{"_time":342,"_lineIndex":3,"_lineLayer":0,"_type":1,"_cutDirection":3},{"_time":344.375,"_lineIndex":1,"_lineLayer":0,"_type":1,"_cutDirection":1},{"_time":344.375,"_lineIndex":0,"_lineLayer":0,"_type":0,"_cutDirection":1},{"_time":344.875,"_lineIndex":1,"_lineLayer":0,"_type":1,"_cutDirection":0},{"_time":344.875,"_lineIndex":0,"_lineLayer":0,"_type":0,"_cutDirection":0},{"_time":348.25,"_lineIndex":2,"_lineLayer":0,"_type":1,"_cutDirection":3},{"_time":348.25,"_lineIndex":3,"_lineLayer":0,"_type":1,"_cutDirection":3},{"_time":349.75,"_lineIndex":2,"_lineLayer":0,"_type":1,"_cutDirection":1},{"_time":349.75,"_lineIndex":0,"_lineLayer":0,"_type":0,"_cutDirection":1},{"_time":351.25,"_lineIndex":3,"_lineLayer":0,"_type":1,"_cutDirection":7},{"_time":352.25,"_lineIndex":3,"_lineLayer":0,"_type":1,"_cutDirection":1},{"_time":352.25,"_lineIndex":2,"_lineLayer":0,"_type":0,"_cutDirection":1},{"_time":356.25,"_lineIndex":3,"_lineLayer":0,"_type":1,"_cutDirection":3},{"_time":356.25,"_lineIndex":0,"_lineLayer":1,"_type":0,"_cutDirection":2},{"_time":357.625,"_lineIndex":3,"_lineLayer":1,"_type":1,"_cutDirection":0},{"_time":359.125,"_lineIndex":0,"_lineLayer":1,"_type":0,"_cutDirection":0},{"_time":363.25,"_lineIndex":3,"_lineLayer":0,"_type":1,"_cutDirection":3},{"_time":364.25,"_lineIndex":0,"_lineLayer":0,"_type":0,"_cutDirection":0},{"_time":365.125,"_lineIndex":1,"_lineLayer":0,"_type":0,"_cutDirection":1},{"_time":366.25,"_lineIndex":3,"_lineLayer":0,"_type":1,"_cutDirection":0},{"_time":367.125,"_lineIndex":2,"_lineLayer":0,"_type":1,"_cutDirection":1},{"_time":369.125,"_lineIndex":0,"_lineLayer":0,"_type":0,"_cutDirection":0},{"_time":370.125,"_lineIndex":0,"_lineLayer":0,"_type":0,"_cutDirection":1},{"_time":371.125,"_lineIndex":0,"_lineLayer":0,"_type":0,"_cutDirection":0},{"_time":372,"_lineIndex":2,"_lineLayer":0,"_type":1,"_cutDirection":0},{"_time":375,"_lineIndex":2,"_lineLayer":0,"_type":1,"_cutDirection":0},{"_time":377,"_lineIndex":3,"_lineLayer":0,"_type":1,"_cutDirection":7},{"_time":380,"_lineIndex":3,"_lineLayer":0,"_type":1,"_cutDirection":0},{"_time":382,"_lineIndex":1,"_lineLayer":0,"_type":0,"_cutDirection":0},{"_time":382,"_lineIndex":2,"_lineLayer":0,"_type":1,"_cutDirection":0},{"_time":383,"_lineIndex":1,"_lineLayer":0,"_type":0,"_cutDirection":1},{"_time":385,"_lineIndex":1,"_lineLayer":0,"_type":0,"_cutDirection":1},{"_time":387,"_lineIndex":3,"_lineLayer":1,"_type":1,"_cutDirection":0},{"_time":387.875,"_lineIndex":0,"_lineLayer":0,"_type":0,"_cutDirection":6},{"_time":388.875,"_lineIndex":3,"_lineLayer":0,"_type":1,"_cutDirection":7},{"_time":390.875,"_lineIndex":0,"_lineLayer":0,"_type":0,"_cutDirection":6},{"_time":391.875,"_lineIndex":3,"_lineLayer":0,"_type":1,"_cutDirection":1},{"_time":392.75,"_lineIndex":3,"_lineLayer":0,"_type":1,"_cutDirection":1},{"_time":393.75,"_lineIndex":3,"_lineLayer":0,"_type":1,"_cutDirection":1},{"_time":394.75,"_lineIndex":3,"_lineLayer":0,"_type":1,"_cutDirection":1},{"_time":395.25,"_lineIndex":0,"_lineLayer":0,"_type":0,"_cutDirection":4},{"_time":396.625,"_lineIndex":3,"_lineLayer":0,"_type":1,"_cutDirection":5},{"_time":397.75,"_lineIndex":2,"_lineLayer":0,"_type":1,"_cutDirection":1},{"_time":407.625,"_lineIndex":0,"_lineLayer":0,"_type":0,"_cutDirection":2},{"_time":411.5,"_lineIndex":1,"_lineLayer":0,"_type":0,"_cutDirection":1},{"_time":411.5,"_lineIndex":2,"_lineLayer":0,"_type":1,"_cutDirection":1},{"_time":412.25,"_lineIndex":2,"_lineLayer":0,"_type":1,"_cutDirection":0},{"_time":412.25,"_lineIndex":1,"_lineLayer":0,"_type":0,"_cutDirection":0},{"_time":412.875,"_lineIndex":2,"_lineLayer":0,"_type":1,"_cutDirection":1},{"_time":412.875,"_lineIndex":1,"_lineLayer":0,"_type":0,"_cutDirection":1},{"_time":413.5,"_lineIndex":2,"_lineLayer":0,"_type":1,"_cutDirection":0},{"_time":413.5,"_lineIndex":1,"_lineLayer":0,"_type":0,"_cutDirection":0},{"_time":414.625,"_lineIndex":0,"_lineLayer":0,"_type":0,"_cutDirection":1},{"_time":416.125,"_lineIndex":3,"_lineLayer":0,"_type":1,"_cutDirection":3},{"_time":418.125,"_lineIndex":1,"_lineLayer":0,"_type":1,"_cutDirection":1},{"_time":418.125,"_lineIndex":0,"_lineLayer":0,"_type":0,"_cutDirection":1},{"_time":418.625,"_lineIndex":1,"_lineLayer":0,"_type":1,"_cutDirection":0},{"_time":418.625,"_lineIndex":0,"_lineLayer":0,"_type":0,"_cutDirection":0},{"_time":421.625,"_lineIndex":3,"_lineLayer":0,"_type":1,"_cutDirection":3},{"_time":421.625,"_lineIndex":2,"_lineLayer":0,"_type":1,"_cutDirection":3},{"_time":422.5,"_lineIndex":2,"_lineLayer":0,"_type":1,"_cutDirection":1},{"_time":422.5,"_lineIndex":0,"_lineLayer":0,"_type":0,"_cutDirection":1},{"_time":424.125,"_lineIndex":3,"_lineLayer":0,"_type":1,"_cutDirection":1},{"_time":424.125,"_lineIndex":1,"_lineLayer":0,"_type":0,"_cutDirection":1},{"_time":426.5,"_lineIndex":3,"_lineLayer":0,"_type":1,"_cutDirection":1},{"_time":426.5,"_lineIndex":2,"_lineLayer":0,"_type":0,"_cutDirection":1},{"_time":430.375,"_lineIndex":0,"_lineLayer":0,"_type":0,"_cutDirection":1},{"_time":431.375,"_lineIndex":3,"_lineLayer":0,"_type":1,"_cutDirection":3},{"_time":433.375,"_lineIndex":0,"_lineLayer":0,"_type":0,"_cutDirection":1},{"_time":433.375,"_lineIndex":1,"_lineLayer":0,"_type":1,"_cutDirection":1},{"_time":434.375,"_lineIndex":0,"_lineLayer":0,"_type":0,"_cutDirection":0},{"_time":434.375,"_lineIndex":1,"_lineLayer":0,"_type":1,"_cutDirection":0},{"_time":438.25,"_lineIndex":3,"_lineLayer":0,"_type":1,"_cutDirection":3},{"_time":439.75,"_lineIndex":0,"_lineLayer":0,"_type":0,"_cutDirection":1},{"_time":439.75,"_lineIndex":2,"_lineLayer":0,"_type":1,"_cutDirection":1},{"_time":442.25,"_lineIndex":3,"_lineLayer":0,"_type":1,"_cutDirection":1},{"_time":442.25,"_lineIndex":2,"_lineLayer":0,"_type":0,"_cutDirection":1},{"_time":446,"_lineIndex":0,"_lineLayer":0,"_type":0,"_cutDirection":1},{"_time":447.5,"_lineIndex":0,"_lineLayer":0,"_type":0,"_cutDirection":1},{"_time":447.5,"_lineIndex":1,"_lineLayer":0,"_type":1,"_cutDirection":1},{"_time":448,"_lineIndex":0,"_lineLayer":0,"_type":0,"_cutDirection":0},{"_time":448,"_lineIndex":1,"_lineLayer":0,"_type":1,"_cutDirection":0},{"_time":452.875,"_lineIndex":3,"_lineLayer":0,"_type":1,"_cutDirection":3},{"_time":454.25,"_lineIndex":0,"_lineLayer":0,"_type":0,"_cutDirection":1},{"_time":454.25,"_lineIndex":2,"_lineLayer":0,"_type":1,"_cutDirection":1},{"_time":455.375,"_lineIndex":1,"_lineLayer":0,"_type":0,"_cutDirection":1},{"_time":455.375,"_lineIndex":3,"_lineLayer":0,"_type":1,"_cutDirection":1},{"_time":457.75,"_lineIndex":3,"_lineLayer":0,"_type":1,"_cutDirection":1},{"_time":457.75,"_lineIndex":2,"_lineLayer":0,"_type":0,"_cutDirection":1},{"_time":461.25,"_lineIndex":0,"_lineLayer":0,"_type":0,"_cutDirection":0},{"_time":462.6875,"_lineIndex":3,"_lineLayer":0,"_type":1,"_cutDirection":1},{"_time":462.6875,"_lineIndex":2,"_lineLayer":0,"_type":0,"_cutDirection":1},{"_time":464.625,"_lineIndex":1,"_lineLayer":0,"_type":1,"_cutDirection":1},{"_time":464.625,"_lineIndex":0,"_lineLayer":0,"_type":0,"_cutDirection":1},{"_time":465.125,"_lineIndex":0,"_lineLayer":0,"_type":0,"_cutDirection":0},{"_time":465.125,"_lineIndex":1,"_lineLayer":0,"_type":1,"_cutDirection":0},{"_time":469.5,"_lineIndex":3,"_lineLayer":0,"_type":1,"_cutDirection":3},{"_time":470.5,"_lineIndex":2,"_lineLayer":0,"_type":1,"_cutDirection":1},{"_time":470.5,"_lineIndex":0,"_lineLayer":0,"_type":0,"_cutDirection":1},{"_time":472.5,"_lineIndex":2,"_lineLayer":0,"_type":0,"_cutDirection":1},{"_time":472.5,"_lineIndex":3,"_lineLayer":0,"_type":1,"_cutDirection":1}],"_obstacles":[{"_time":125,"_lineIndex":0,"_type":0,"_duration":1,"_width":1},{"_time":125,"_lineIndex":3,"_type":0,"_duration":1,"_width":1},{"_time":126,"_lineIndex":0,"_type":0,"_duration":1,"_width":1},{"_time":126,"_lineIndex":3,"_type":0,"_duration":1,"_width":1},{"_time":127,"_lineIndex":0,"_type":0,"_duration":1,"_width":1},{"_time":130,"_lineIndex":3,"_type":0,"_duration":1,"_width":1},{"_time":130,"_lineIndex":2,"_type":0,"_duration":1,"_width":1},{"_time":134,"_lineIndex":1,"_type":0,"_duration":1,"_width":1},{"_time":134,"_lineIndex":0,"_type":0,"_duration":1,"_width":1},{"_time":138,"_lineIndex":3,"_type":0,"_duration":1,"_width":1},{"_time":138,"_lineIndex":2,"_type":0,"_duration":1,"_width":1}]}